customer_id,region,signup_date
1,Санкт-Петербург,2020-01-01
2,Тюмень,2020-01-01
3,Санкт-Петербург,2020-01-01
4,Тюмень,2020-01-01
5,Москва,2020-01-01
6,Санкт-Петербург,2020-01-01
7,Тюмень,2020-01-01
8,Санкт-Петербург,2020-01-01
9,Москва,2020-01-01
10,Новосибирск,2020-01-01
11,Новосибирск,2020-01-02
12,Москва,2020-01-02
13,Санкт-Петербург,2020-01-02
14,Санкт-Петербург,2020-01-02
15,Москва,2020-01-02
16,Тюмень,2020-01-02
17,Москва,2020-01-02
18,Москва,2020-01-02
19,Санкт-Петербург,2020-01-02
20,Тюмень,2020-01-02
21,Новосибирск,2020-01-03
22,Тюмень,2020-01-03
23,Санкт-Петербург,2020-01-03
24,Новосибирск,2020-01-03
25,Новосибирск,2020-01-03
26,Санкт-Петербург,2020-01-03
27,Москва,2020-01-03
28,Новосибирск,2020-01-03
29,Тюмень,2020-01-03
30,Тюмень,2020-01-03
31,Новосибирск,2020-01-04
32,Тюмень,2020-01-04
33,Новосибирск,2020-01-04
34,Санкт-Петербург,2020-01-04
35,Новосибирск,2020-01-04
36,Тюмень,2020-01-04
37,Тюмень,2020-01-04
38,Санкт-Петербург,2020-01-04
39,Новосибирск,2020-01-04
40,Тюмень,2020-01-04
41,Москва,2020-01-05
42,Москва,2020-01-05
43,Тюмень,2020-01-05
44,Санкт-Петербург,2020-01-05
45,Тюмень,2020-01-05
46,Новосибирск,2020-01-05
47,Москва,2020-01-05
48,Москва,2020-01-05
49,Санкт-Петербург,2020-01-05
50,Санкт-Петербург,2020-01-05
51,Санкт-Петербург,2020-01-06
52,Тюмень,2020-01-06
53,Тюмень,2020-01-06
54,Москва,2020-01-06
55,Санкт-Петербург,2020-01-06
56,Тюмень,2020-01-06
57,Тюмень,2020-01-06
58,Санкт-Петербург,2020-01-06
59,Москва,2020-01-06
60,Тюмень,2020-01-06
61,Тюмень,2020-01-07
62,Новосибирск,2020-01-07
63,Санкт-Петербург,2020-01-07
64,Новосибирск,2020-01-07
65,Тюмень,2020-01-07
66,Тюмень,2020-01-07
67,Москва,2020-01-07
68,Москва,2020-01-07
69,Новосибирск,2020-01-07
70,Новосибирск,2020-01-07
71,Новосибирск,2020-01-08
72,Новосибирск,2020-01-08
73,Новосибирск,2020-01-08
74,Москва,2020-01-08
75,Новосибирск,2020-01-08
76,Тюмень,2020-01-08
77,Москва,2020-01-08
78,Санкт-Петербург,2020-01-08
79,Тюмень,2020-01-08
80,Новосибирск,2020-01-08
81,Москва,2020-01-09
82,Санкт-Петербург,2020-01-09
83,Москва,2020-01-09
84,Новосибирск,2020-01-09
85,Новосибирск,2020-01-09
86,Санкт-Петербург,2020-01-09
87,Тюмень,2020-01-09
88,Новосибирск,2020-01-09
89,Москва,2020-01-09
90,Москва,2020-01-09
91,Санкт-Петербург,2020-01-10
92,Москва,2020-01-10
93,Санкт-Петербург,2020-01-10
94,Тюмень,2020-01-10
95,Москва,2020-01-10
96,Тюмень,2020-01-10
97,Тюмень,2020-01-10
98,Москва,2020-01-10
99,Москва,2020-01-10
100,Новосибирск,2020-01-10
101,Новосибирск,2020-01-11
102,Тюмень,2020-01-11
103,Новосибирск,2020-01-11
104,Новосибирск,2020-01-11
105,Москва,2020-01-11
106,Москва,2020-01-11
107,Новосибирск,2020-01-11
108,Санкт-Петербург,2020-01-11
109,Санкт-Петербург,2020-01-11
110,Новосибирск,2020-01-11
111,Санкт-Петербург,2020-01-12
112,Новосибирск,2020-01-12
113,Москва,2020-01-12
114,Санкт-Петербург,2020-01-12
115,Тюмень,2020-01-12
116,Тюмень,2020-01-12
117,Санкт-Петербург,2020-01-12
118,Москва,2020-01-12
119,Санкт-Петербург,2020-01-12
120,Новосибирск,2020-01-12
121,Москва,2020-01-13
122,Новосибирск,2020-01-13
123,Новосибирск,2020-01-13
124,Новосибирск,2020-01-13
125,Москва,2020-01-13
126,Москва,2020-01-13
127,Москва,2020-01-13
128,Тюмень,2020-01-13
129,Москва,2020-01-13
130,Новосибирск,2020-01-13
131,Тюмень,2020-01-14
132,Москва,2020-01-14
133,Москва,2020-01-14
134,Москва,2020-01-14
135,Москва,2020-01-14
136,Тюмень,2020-01-14
137,Санкт-Петербург,2020-01-14
138,Тюмень,2020-01-14
139,Москва,2020-01-14
140,Москва,2020-01-14
141,Москва,2020-01-15
142,Тюмень,2020-01-15
143,Москва,2020-01-15
144,Новосибирск,2020-01-15
145,Москва,2020-01-15
146,Москва,2020-01-15
147,Тюмень,2020-01-15
148,Тюмень,2020-01-15
149,Тюмень,2020-01-15
150,Москва,2020-01-15
151,Новосибирск,2020-01-16
152,Москва,2020-01-16
153,Санкт-Петербург,2020-01-16
154,Москва,2020-01-16
155,Новосибирск,2020-01-16
156,Москва,2020-01-16
157,Тюмень,2020-01-16
158,Санкт-Петербург,2020-01-16
159,Новосибирск,2020-01-16
160,Тюмень,2020-01-16
161,Санкт-Петербург,2020-01-17
162,Москва,2020-01-17
163,Санкт-Петербург,2020-01-17
164,Москва,2020-01-17
165,Тюмень,2020-01-17
166,Тюмень,2020-01-17
167,Новосибирск,2020-01-17
168,Москва,2020-01-17
169,Тюмень,2020-01-17
170,Тюмень,2020-01-17
171,Санкт-Петербург,2020-01-18
172,Тюмень,2020-01-18
173,Тюмень,2020-01-18
174,Москва,2020-01-18
175,Новосибирск,2020-01-18
176,Новосибирск,2020-01-18
177,Тюмень,2020-01-18
178,Санкт-Петербург,2020-01-18
179,Санкт-Петербург,2020-01-18
180,Санкт-Петербург,2020-01-18
181,Санкт-Петербург,2020-01-19
182,Тюмень,2020-01-19
183,Москва,2020-01-19
184,Тюмень,2020-01-19
185,Новосибирск,2020-01-19
186,Москва,2020-01-19
187,Москва,2020-01-19
188,Новосибирск,2020-01-19
189,Тюмень,2020-01-19
190,Тюмень,2020-01-19
191,Новосибирск,2020-01-20
192,Москва,2020-01-20
193,Санкт-Петербург,2020-01-20
194,Москва,2020-01-20
195,Санкт-Петербург,2020-01-20
196,Тюмень,2020-01-20
197,Санкт-Петербург,2020-01-20
198,Москва,2020-01-20
199,Тюмень,2020-01-20
200,Москва,2020-01-20
201,Санкт-Петербург,2020-01-21
202,Санкт-Петербург,2020-01-21
203,Москва,2020-01-21
204,Тюмень,2020-01-21
205,Тюмень,2020-01-21
206,Тюмень,2020-01-21
207,Санкт-Петербург,2020-01-21
208,Санкт-Петербург,2020-01-21
209,Санкт-Петербург,2020-01-21
210,Тюмень,2020-01-21
211,Тюмень,2020-01-22
212,Тюмень,2020-01-22
213,Санкт-Петербург,2020-01-22
214,Санкт-Петербург,2020-01-22
215,Санкт-Петербург,2020-01-22
216,Тюмень,2020-01-22
217,Тюмень,2020-01-22
218,Тюмень,2020-01-22
219,Санкт-Петербург,2020-01-22
220,Санкт-Петербург,2020-01-22
221,Новосибирск,2020-01-23
222,Санкт-Петербург,2020-01-23
223,Тюмень,2020-01-23
224,Тюмень,2020-01-23
225,Санкт-Петербург,2020-01-23
226,Санкт-Петербург,2020-01-23
227,Москва,2020-01-23
228,Санкт-Петербург,2020-01-23
229,Новосибирск,2020-01-23
230,Москва,2020-01-23
231,Тюмень,2020-01-24
232,Санкт-Петербург,2020-01-24
233,Санкт-Петербург,2020-01-24
234,Новосибирск,2020-01-24
235,Москва,2020-01-24
236,Новосибирск,2020-01-24
237,Тюмень,2020-01-24
238,Тюмень,2020-01-24
239,Тюмень,2020-01-24
240,Москва,2020-01-24
241,Новосибирск,2020-01-25
242,Санкт-Петербург,2020-01-25
243,Москва,2020-01-25
244,Санкт-Петербург,2020-01-25
245,Москва,2020-01-25
246,Санкт-Петербург,2020-01-25
247,Тюмень,2020-01-25
248,Москва,2020-01-25
249,Санкт-Петербург,2020-01-25
250,Москва,2020-01-25
251,Санкт-Петербург,2020-01-26
252,Москва,2020-01-26
253,Москва,2020-01-26
254,Москва,2020-01-26
255,Санкт-Петербург,2020-01-26
256,Тюмень,2020-01-26
257,Новосибирск,2020-01-26
258,Санкт-Петербург,2020-01-26
259,Тюмень,2020-01-26
260,Санкт-Петербург,2020-01-26
261,Новосибирск,2020-01-27
262,Тюмень,2020-01-27
263,Санкт-Петербург,2020-01-27
264,Тюмень,2020-01-27
265,Новосибирск,2020-01-27
266,Санкт-Петербург,2020-01-27
267,Новосибирск,2020-01-27
268,Тюмень,2020-01-27
269,Новосибирск,2020-01-27
270,Москва,2020-01-27
271,Тюмень,2020-01-28
272,Тюмень,2020-01-28
273,Санкт-Петербург,2020-01-28
274,Новосибирск,2020-01-28
275,Тюмень,2020-01-28
276,Санкт-Петербург,2020-01-28
277,Новосибирск,2020-01-28
278,Москва,2020-01-28
279,Новосибирск,2020-01-28
280,Москва,2020-01-28
281,Тюмень,2020-01-29
282,Новосибирск,2020-01-29
283,Новосибирск,2020-01-29
284,Тюмень,2020-01-29
285,Москва,2020-01-29
286,Москва,2020-01-29
287,Тюмень,2020-01-29
288,Москва,2020-01-29
289,Москва,2020-01-29
290,Новосибирск,2020-01-29
291,Москва,2020-01-30
292,Москва,2020-01-30
293,Тюмень,2020-01-30
294,Москва,2020-01-30
295,Москва,2020-01-30
296,Новосибирск,2020-01-30
297,Москва,2020-01-30
298,Москва,2020-01-30
299,Тюмень,2020-01-30
300,Санкт-Петербург,2020-01-30
301,Тюмень,2020-01-31
302,Тюмень,2020-01-31
303,Новосибирск,2020-01-31
304,Новосибирск,2020-01-31
305,Москва,2020-01-31
306,Санкт-Петербург,2020-01-31
307,Москва,2020-01-31
308,Санкт-Петербург,2020-01-31
309,Москва,2020-01-31
310,Тюмень,2020-01-31
311,Санкт-Петербург,2020-02-01
312,Тюмень,2020-02-01
313,Тюмень,2020-02-01
314,Новосибирск,2020-02-01
315,Москва,2020-02-01
316,Новосибирск,2020-02-01
317,Тюмень,2020-02-01
318,Москва,2020-02-01
319,Москва,2020-02-01
320,Новосибирск,2020-02-01
321,Москва,2020-02-02
322,Тюмень,2020-02-02
323,Санкт-Петербург,2020-02-02
324,Санкт-Петербург,2020-02-02
325,Москва,2020-02-02
326,Новосибирск,2020-02-02
327,Тюмень,2020-02-02
328,Санкт-Петербург,2020-02-02
329,Москва,2020-02-02
330,Тюмень,2020-02-02
331,Тюмень,2020-02-03
332,Тюмень,2020-02-03
333,Санкт-Петербург,2020-02-03
334,Новосибирск,2020-02-03
335,Москва,2020-02-03
336,Москва,2020-02-03
337,Санкт-Петербург,2020-02-03
338,Москва,2020-02-03
339,Санкт-Петербург,2020-02-03
340,Санкт-Петербург,2020-02-03
341,Новосибирск,2020-02-04
342,Тюмень,2020-02-04
343,Новосибирск,2020-02-04
344,Санкт-Петербург,2020-02-04
345,Москва,2020-02-04
346,Санкт-Петербург,2020-02-04
347,Санкт-Петербург,2020-02-04
348,Москва,2020-02-04
349,Новосибирск,2020-02-04
350,Москва,2020-02-04
351,Новосибирск,2020-02-05
352,Санкт-Петербург,2020-02-05
353,Тюмень,2020-02-05
354,Санкт-Петербург,2020-02-05
355,Москва,2020-02-05
356,Санкт-Петербург,2020-02-05
357,Москва,2020-02-05
358,Новосибирск,2020-02-05
359,Новосибирск,2020-02-05
360,Санкт-Петербург,2020-02-05
361,Москва,2020-02-06
362,Новосибирск,2020-02-06
363,Новосибирск,2020-02-06
364,Тюмень,2020-02-06
365,Санкт-Петербург,2020-02-06
366,Тюмень,2020-02-06
367,Санкт-Петербург,2020-02-06
368,Тюмень,2020-02-06
369,Новосибирск,2020-02-06
370,Санкт-Петербург,2020-02-06
371,Новосибирск,2020-02-07
372,Новосибирск,2020-02-07
373,Тюмень,2020-02-07
374,Тюмень,2020-02-07
375,Москва,2020-02-07
376,Санкт-Петербург,2020-02-07
377,Москва,2020-02-07
378,Новосибирск,2020-02-07
379,Новосибирск,2020-02-07
380,Санкт-Петербург,2020-02-07
381,Москва,2020-02-08
382,Санкт-Петербург,2020-02-08
383,Москва,2020-02-08
384,Тюмень,2020-02-08
385,Тюмень,2020-02-08
386,Санкт-Петербург,2020-02-08
387,Москва,2020-02-08
388,Москва,2020-02-08
389,Москва,2020-02-08
390,Новосибирск,2020-02-08
391,Москва,2020-02-09
392,Санкт-Петербург,2020-02-09
393,Санкт-Петербург,2020-02-09
394,Москва,2020-02-09
395,Тюмень,2020-02-09
396,Новосибирск,2020-02-09
397,Санкт-Петербург,2020-02-09
398,Новосибирск,2020-02-09
399,Новосибирск,2020-02-09
400,Новосибирск,2020-02-09
401,Санкт-Петербург,2020-02-10
402,Санкт-Петербург,2020-02-10
403,Тюмень,2020-02-10
404,Санкт-Петербург,2020-02-10
405,Новосибирск,2020-02-10
406,Москва,2020-02-10
407,Новосибирск,2020-02-10
408,Санкт-Петербург,2020-02-10
409,Москва,2020-02-10
410,Тюмень,2020-02-10
411,Тюмень,2020-02-11
412,Москва,2020-02-11
413,Тюмень,2020-02-11
414,Санкт-Петербург,2020-02-11
415,Санкт-Петербург,2020-02-11
416,Санкт-Петербург,2020-02-11
417,Москва,2020-02-11
418,Москва,2020-02-11
419,Тюмень,2020-02-11
420,Новосибирск,2020-02-11
421,Санкт-Петербург,2020-02-12
422,Тюмень,2020-02-12
423,Тюмень,2020-02-12
424,Тюмень,2020-02-12
425,Санкт-Петербург,2020-02-12
426,Москва,2020-02-12
427,Санкт-Петербург,2020-02-12
428,Тюмень,2020-02-12
429,Тюмень,2020-02-12
430,Москва,2020-02-12
431,Новосибирск,2020-02-13
432,Тюмень,2020-02-13
433,Москва,2020-02-13
434,Тюмень,2020-02-13
435,Москва,2020-02-13
436,Тюмень,2020-02-13
437,Санкт-Петербург,2020-02-13
438,Тюмень,2020-02-13
439,Санкт-Петербург,2020-02-13
440,Санкт-Петербург,2020-02-13
441,Тюмень,2020-02-14
442,Москва,2020-02-14
443,Москва,2020-02-14
444,Санкт-Петербург,2020-02-14
445,Москва,2020-02-14
446,Москва,2020-02-14
447,Новосибирск,2020-02-14
448,Новосибирск,2020-02-14
449,Новосибирск,2020-02-14
450,Москва,2020-02-14
451,Новосибирск,2020-02-15
452,Москва,2020-02-15
453,Новосибирск,2020-02-15
454,Санкт-Петербург,2020-02-15
455,Тюмень,2020-02-15
456,Санкт-Петербург,2020-02-15
457,Москва,2020-02-15
458,Москва,2020-02-15
459,Тюмень,2020-02-15
460,Новосибирск,2020-02-15
461,Новосибирск,2020-02-16
462,Москва,2020-02-16
463,Санкт-Петербург,2020-02-16
464,Новосибирск,2020-02-16
465,Тюмень,2020-02-16
466,Новосибирск,2020-02-16
467,Москва,2020-02-16
468,Новосибирск,2020-02-16
469,Новосибирск,2020-02-16
470,Тюмень,2020-02-16
471,Санкт-Петербург,2020-02-17
472,Санкт-Петербург,2020-02-17
473,Новосибирск,2020-02-17
474,Москва,2020-02-17
475,Санкт-Петербург,2020-02-17
476,Санкт-Петербург,2020-02-17
477,Новосибирск,2020-02-17
478,Новосибирск,2020-02-17
479,Новосибирск,2020-02-17
480,Новосибирск,2020-02-17
481,Тюмень,2020-02-18
482,Санкт-Петербург,2020-02-18
483,Москва,2020-02-18
484,Тюмень,2020-02-18
485,Новосибирск,2020-02-18
486,Новосибирск,2020-02-18
487,Тюмень,2020-02-18
488,Санкт-Петербург,2020-02-18
489,Санкт-Петербург,2020-02-18
490,Тюмень,2020-02-18
491,Новосибирск,2020-02-19
492,Москва,2020-02-19
493,Новосибирск,2020-02-19
494,Тюмень,2020-02-19
495,Тюмень,2020-02-19
496,Санкт-Петербург,2020-02-19
497,Тюмень,2020-02-19
498,Москва,2020-02-19
499,Санкт-Петербург,2020-02-19
500,Санкт-Петербург,2020-02-19
501,Тюмень,2020-02-20
502,Новосибирск,2020-02-20
503,Новосибирск,2020-02-20
504,Санкт-Петербург,2020-02-20
505,Москва,2020-02-20
506,Санкт-Петербург,2020-02-20
507,Тюмень,2020-02-20
508,Санкт-Петербург,2020-02-20
509,Тюмень,2020-02-20
510,Новосибирск,2020-02-20
511,Новосибирск,2020-02-21
512,Тюмень,2020-02-21
513,Санкт-Петербург,2020-02-21
514,Санкт-Петербург,2020-02-21
515,Новосибирск,2020-02-21
516,Санкт-Петербург,2020-02-21
517,Новосибирск,2020-02-21
518,Новосибирск,2020-02-21
519,Новосибирск,2020-02-21
520,Новосибирск,2020-02-21
521,Москва,2020-02-22
522,Новосибирск,2020-02-22
523,Санкт-Петербург,2020-02-22
524,Тюмень,2020-02-22
525,Тюмень,2020-02-22
526,Тюмень,2020-02-22
527,Тюмень,2020-02-22
528,Тюмень,2020-02-22
529,Новосибирск,2020-02-22
530,Новосибирск,2020-02-22
531,Новосибирск,2020-02-23
532,Санкт-Петербург,2020-02-23
533,Тюмень,2020-02-23
534,Новосибирск,2020-02-23
535,Новосибирск,2020-02-23
536,Тюмень,2020-02-23
537,Тюмень,2020-02-23
538,Москва,2020-02-23
539,Тюмень,2020-02-23
540,Тюмень,2020-02-23
541,Москва,2020-02-24
542,Москва,2020-02-24
543,Москва,2020-02-24
544,Москва,2020-02-24
545,Москва,2020-02-24
546,Тюмень,2020-02-24
547,Новосибирск,2020-02-24
548,Новосибирск,2020-02-24
549,Москва,2020-02-24
550,Тюмень,2020-02-24
551,Санкт-Петербург,2020-02-25
552,Москва,2020-02-25
553,Москва,2020-02-25
554,Москва,2020-02-25
555,Москва,2020-02-25
556,Санкт-Петербург,2020-02-25
557,Новосибирск,2020-02-25
558,Тюмень,2020-02-25
559,Новосибирск,2020-02-25
560,Москва,2020-02-25
561,Тюмень,2020-02-26
562,Москва,2020-02-26
563,Тюмень,2020-02-26
564,Санкт-Петербург,2020-02-26
565,Санкт-Петербург,2020-02-26
566,Москва,2020-02-26
567,Москва,2020-02-26
568,Санкт-Петербург,2020-02-26
569,Санкт-Петербург,2020-02-26
570,Москва,2020-02-26
571,Москва,2020-02-27
572,Тюмень,2020-02-27
573,Новосибирск,2020-02-27
574,Санкт-Петербург,2020-02-27
575,Тюмень,2020-02-27
576,Новосибирск,2020-02-27
577,Санкт-Петербург,2020-02-27
578,Новосибирск,2020-02-27
579,Тюмень,2020-02-27
580,Москва,2020-02-27
581,Новосибирск,2020-02-28
582,Тюмень,2020-02-28
583,Москва,2020-02-28
584,Санкт-Петербург,2020-02-28
585,Санкт-Петербург,2020-02-28
586,Москва,2020-02-28
587,Новосибирск,2020-02-28
588,Тюмень,2020-02-28
589,Москва,2020-02-28
590,Москва,2020-02-28
591,Москва,2020-02-29
592,Москва,2020-02-29
593,Москва,2020-02-29
594,Новосибирск,2020-02-29
595,Новосибирск,2020-02-29
596,Новосибирск,2020-02-29
597,Новосибирск,2020-02-29
598,Новосибирск,2020-02-29
599,Новосибирск,2020-02-29
600,Москва,2020-02-29
601,Новосибирск,2020-03-01
602,Москва,2020-03-01
603,Санкт-Петербург,2020-03-01
604,Москва,2020-03-01
605,Санкт-Петербург,2020-03-01
606,Тюмень,2020-03-01
607,Санкт-Петербург,2020-03-01
608,Тюмень,2020-03-01
609,Тюмень,2020-03-01
610,Москва,2020-03-01
611,Санкт-Петербург,2020-03-02
612,Тюмень,2020-03-02
613,Новосибирск,2020-03-02
614,Санкт-Петербург,2020-03-02
615,Санкт-Петербург,2020-03-02
616,Москва,2020-03-02
617,Москва,2020-03-02
618,Москва,2020-03-02
619,Москва,2020-03-02
620,Новосибирск,2020-03-02
621,Москва,2020-03-03
622,Москва,2020-03-03
623,Тюмень,2020-03-03
624,Москва,2020-03-03
625,Санкт-Петербург,2020-03-03
626,Новосибирск,2020-03-03
627,Санкт-Петербург,2020-03-03
628,Новосибирск,2020-03-03
629,Санкт-Петербург,2020-03-03
630,Санкт-Петербург,2020-03-03
631,Тюмень,2020-03-04
632,Санкт-Петербург,2020-03-04
633,Тюмень,2020-03-04
634,Санкт-Петербург,2020-03-04
635,Новосибирск,2020-03-04
636,Москва,2020-03-04
637,Тюмень,2020-03-04
638,Новосибирск,2020-03-04
639,Тюмень,2020-03-04
640,Тюмень,2020-03-04
641,Тюмень,2020-03-05
642,Тюмень,2020-03-05
643,Москва,2020-03-05
644,Санкт-Петербург,2020-03-05
645,Москва,2020-03-05
646,Новосибирск,2020-03-05
647,Москва,2020-03-05
648,Тюмень,2020-03-05
649,Новосибирск,2020-03-05
650,Новосибирск,2020-03-05
651,Санкт-Петербург,2020-03-06
652,Тюмень,2020-03-06
653,Тюмень,2020-03-06
654,Новосибирск,2020-03-06
655,Тюмень,2020-03-06
656,Москва,2020-03-06
657,Тюмень,2020-03-06
658,Тюмень,2020-03-06
659,Тюмень,2020-03-06
660,Тюмень,2020-03-06
661,Москва,2020-03-07
662,Санкт-Петербург,2020-03-07
663,Санкт-Петербург,2020-03-07
664,Тюмень,2020-03-07
665,Санкт-Петербург,2020-03-07
666,Тюмень,2020-03-07
667,Москва,2020-03-07
668,Санкт-Петербург,2020-03-07
669,Санкт-Петербург,2020-03-07
670,Санкт-Петербург,2020-03-07
671,Тюмень,2020-03-08
672,Новосибирск,2020-03-08
673,Новосибирск,2020-03-08
674,Москва,2020-03-08
675,Москва,2020-03-08
676,Москва,2020-03-08
677,Москва,2020-03-08
678,Москва,2020-03-08
679,Санкт-Петербург,2020-03-08
680,Москва,2020-03-08
681,Санкт-Петербург,2020-03-09
682,Москва,2020-03-09
683,Новосибирск,2020-03-09
684,Москва,2020-03-09
685,Тюмень,2020-03-09
686,Тюмень,2020-03-09
687,Тюмень,2020-03-09
688,Тюмень,2020-03-09
689,Санкт-Петербург,2020-03-09
690,Тюмень,2020-03-09
691,Москва,2020-03-10
692,Тюмень,2020-03-10
693,Новосибирск,2020-03-10
694,Москва,2020-03-10
695,Тюмень,2020-03-10
696,Тюмень,2020-03-10
697,Новосибирск,2020-03-10
698,Москва,2020-03-10
699,Тюмень,2020-03-10
700,Тюмень,2020-03-10
701,Москва,2020-03-11
702,Москва,2020-03-11
703,Москва,2020-03-11
704,Тюмень,2020-03-11
705,Москва,2020-03-11
706,Москва,2020-03-11
707,Новосибирск,2020-03-11
708,Москва,2020-03-11
709,Санкт-Петербург,2020-03-11
710,Москва,2020-03-11
711,Тюмень,2020-03-12
712,Санкт-Петербург,2020-03-12
713,Москва,2020-03-12
714,Санкт-Петербург,2020-03-12
715,Москва,2020-03-12
716,Новосибирск,2020-03-12
717,Новосибирск,2020-03-12
718,Санкт-Петербург,2020-03-12
719,Санкт-Петербург,2020-03-12
720,Москва,2020-03-12
721,Москва,2020-03-13
722,Санкт-Петербург,2020-03-13
723,Тюмень,2020-03-13
724,Новосибирск,2020-03-13
725,Новосибирск,2020-03-13
726,Новосибирск,2020-03-13
727,Москва,2020-03-13
728,Новосибирск,2020-03-13
729,Тюмень,2020-03-13
730,Санкт-Петербург,2020-03-13
731,Тюмень,2020-03-14
732,Санкт-Петербург,2020-03-14
733,Новосибирск,2020-03-14
734,Новосибирск,2020-03-14
735,Санкт-Петербург,2020-03-14
736,Санкт-Петербург,2020-03-14
737,Новосибирск,2020-03-14
738,Тюмень,2020-03-14
739,Новосибирск,2020-03-14
740,Москва,2020-03-14
741,Тюмень,2020-03-15
742,Новосибирск,2020-03-15
743,Новосибирск,2020-03-15
744,Санкт-Петербург,2020-03-15
745,Новосибирск,2020-03-15
746,Санкт-Петербург,2020-03-15
747,Тюмень,2020-03-15
748,Москва,2020-03-15
749,Москва,2020-03-15
750,Новосибирск,2020-03-15
751,Москва,2020-03-16
752,Новосибирск,2020-03-16
753,Санкт-Петербург,2020-03-16
754,Новосибирск,2020-03-16
755,Санкт-Петербург,2020-03-16
756,Москва,2020-03-16
757,Москва,2020-03-16
758,Тюмень,2020-03-16
759,Тюмень,2020-03-16
760,Санкт-Петербург,2020-03-16
761,Санкт-Петербург,2020-03-17
762,Москва,2020-03-17
763,Москва,2020-03-17
764,Санкт-Петербург,2020-03-17
765,Москва,2020-03-17
766,Санкт-Петербург,2020-03-17
767,Тюмень,2020-03-17
768,Санкт-Петербург,2020-03-17
769,Новосибирск,2020-03-17
770,Новосибирск,2020-03-17
771,Тюмень,2020-03-18
772,Санкт-Петербург,2020-03-18
773,Новосибирск,2020-03-18
774,Новосибирск,2020-03-18
775,Новосибирск,2020-03-18
776,Санкт-Петербург,2020-03-18
777,Новосибирск,2020-03-18
778,Москва,2020-03-18
779,Санкт-Петербург,2020-03-18
780,Москва,2020-03-18
781,Тюмень,2020-03-19
782,Санкт-Петербург,2020-03-19
783,Санкт-Петербург,2020-03-19
784,Санкт-Петербург,2020-03-19
785,Новосибирск,2020-03-19
786,Новосибирск,2020-03-19
787,Тюмень,2020-03-19
788,Санкт-Петербург,2020-03-19
789,Санкт-Петербург,2020-03-19
790,Москва,2020-03-19
791,Тюмень,2020-03-20
792,Тюмень,2020-03-20
793,Москва,2020-03-20
794,Тюмень,2020-03-20
795,Новосибирск,2020-03-20
796,Новосибирск,2020-03-20
797,Новосибирск,2020-03-20
798,Тюмень,2020-03-20
799,Тюмень,2020-03-20
800,Тюмень,2020-03-20
801,Тюмень,2020-03-21
802,Тюмень,2020-03-21
803,Санкт-Петербург,2020-03-21
804,Новосибирск,2020-03-21
805,Тюмень,2020-03-21
806,Санкт-Петербург,2020-03-21
807,Тюмень,2020-03-21
808,Новосибирск,2020-03-21
809,Москва,2020-03-21
810,Санкт-Петербург,2020-03-21
811,Москва,2020-03-22
812,Новосибирск,2020-03-22
813,Москва,2020-03-22
814,Тюмень,2020-03-22
815,Тюмень,2020-03-22
816,Москва,2020-03-22
817,Москва,2020-03-22
818,Москва,2020-03-22
819,Санкт-Петербург,2020-03-22
820,Москва,2020-03-22
821,Москва,2020-03-23
822,Тюмень,2020-03-23
823,Тюмень,2020-03-23
824,Санкт-Петербург,2020-03-23
825,Тюмень,2020-03-23
826,Новосибирск,2020-03-23
827,Москва,2020-03-23
828,Новосибирск,2020-03-23
829,Новосибирск,2020-03-23
830,Москва,2020-03-23
831,Санкт-Петербург,2020-03-24
832,Новосибирск,2020-03-24
833,Тюмень,2020-03-24
834,Тюмень,2020-03-24
835,Москва,2020-03-24
836,Санкт-Петербург,2020-03-24
837,Новосибирск,2020-03-24
838,Новосибирск,2020-03-24
839,Новосибирск,2020-03-24
840,Тюмень,2020-03-24
841,Санкт-Петербург,2020-03-25
842,Санкт-Петербург,2020-03-25
843,Тюмень,2020-03-25
844,Тюмень,2020-03-25
845,Москва,2020-03-25
846,Тюмень,2020-03-25
847,Москва,2020-03-25
848,Москва,2020-03-25
849,Москва,2020-03-25
850,Санкт-Петербург,2020-03-25
851,Москва,2020-03-26
852,Санкт-Петербург,2020-03-26
853,Новосибирск,2020-03-26
854,Москва,2020-03-26
855,Санкт-Петербург,2020-03-26
856,Новосибирск,2020-03-26
857,Тюмень,2020-03-26
858,Санкт-Петербург,2020-03-26
859,Москва,2020-03-26
860,Тюмень,2020-03-26
861,Тюмень,2020-03-27
862,Москва,2020-03-27
863,Тюмень,2020-03-27
864,Тюмень,2020-03-27
865,Новосибирск,2020-03-27
866,Санкт-Петербург,2020-03-27
867,Тюмень,2020-03-27
868,Санкт-Петербург,2020-03-27
869,Новосибирск,2020-03-27
870,Санкт-Петербург,2020-03-27
871,Тюмень,2020-03-28
872,Тюмень,2020-03-28
873,Санкт-Петербург,2020-03-28
874,Новосибирск,2020-03-28
875,Тюмень,2020-03-28
876,Санкт-Петербург,2020-03-28
877,Новосибирск,2020-03-28
878,Москва,2020-03-28
879,Новосибирск,2020-03-28
880,Санкт-Петербург,2020-03-28
881,Новосибирск,2020-03-29
882,Москва,2020-03-29
883,Санкт-Петербург,2020-03-29
884,Новосибирск,2020-03-29
885,Новосибирск,2020-03-29
886,Новосибирск,2020-03-29
887,Тюмень,2020-03-29
888,Москва,2020-03-29
889,Москва,2020-03-29
890,Москва,2020-03-29
891,Москва,2020-03-30
892,Тюмень,2020-03-30
893,Новосибирск,2020-03-30
894,Новосибирск,2020-03-30
895,Тюмень,2020-03-30
896,Тюмень,2020-03-30
897,Тюмень,2020-03-30
898,Новосибирск,2020-03-30
899,Тюмень,2020-03-30
900,Москва,2020-03-30
901,Москва,2020-03-31
902,Тюмень,2020-03-31
903,Москва,2020-03-31
904,Тюмень,2020-03-31
905,Тюмень,2020-03-31
906,Тюмень,2020-03-31
907,Новосибирск,2020-03-31
908,Москва,2020-03-31
909,Санкт-Петербург,2020-03-31
910,Москва,2020-03-31
911,Санкт-Петербург,2020-04-01
912,Тюмень,2020-04-01
913,Санкт-Петербург,2020-04-01
914,Санкт-Петербург,2020-04-01
915,Тюмень,2020-04-01
916,Тюмень,2020-04-01
917,Тюмень,2020-04-01
918,Москва,2020-04-01
919,Тюмень,2020-04-01
920,Москва,2020-04-01
921,Тюмень,2020-04-02
922,Новосибирск,2020-04-02
923,Тюмень,2020-04-02
924,Новосибирск,2020-04-02
925,Тюмень,2020-04-02
926,Санкт-Петербург,2020-04-02
927,Санкт-Петербург,2020-04-02
928,Тюмень,2020-04-02
929,Санкт-Петербург,2020-04-02
930,Новосибирск,2020-04-02
931,Москва,2020-04-03
932,Санкт-Петербург,2020-04-03
933,Новосибирск,2020-04-03
934,Санкт-Петербург,2020-04-03
935,Санкт-Петербург,2020-04-03
936,Москва,2020-04-03
937,Санкт-Петербург,2020-04-03
938,Санкт-Петербург,2020-04-03
939,Москва,2020-04-03
940,Санкт-Петербург,2020-04-03
941,Тюмень,2020-04-04
942,Санкт-Петербург,2020-04-04
943,Тюмень,2020-04-04
944,Тюмень,2020-04-04
945,Санкт-Петербург,2020-04-04
946,Новосибирск,2020-04-04
947,Москва,2020-04-04
948,Санкт-Петербург,2020-04-04
949,Новосибирск,2020-04-04
950,Санкт-Петербург,2020-04-04
951,Новосибирск,2020-04-05
952,Тюмень,2020-04-05
953,Санкт-Петербург,2020-04-05
954,Санкт-Петербург,2020-04-05
955,Тюмень,2020-04-05
956,Новосибирск,2020-04-05
957,Тюмень,2020-04-05
958,Тюмень,2020-04-05
959,Новосибирск,2020-04-05
960,Новосибирск,2020-04-05
961,Москва,2020-04-06
962,Новосибирск,2020-04-06
963,Москва,2020-04-06
964,Тюмень,2020-04-06
965,Тюмень,2020-04-06
966,Тюмень,2020-04-06
967,Санкт-Петербург,2020-04-06
968,Санкт-Петербург,2020-04-06
969,Санкт-Петербург,2020-04-06
970,Москва,2020-04-06
971,Тюмень,2020-04-07
972,Тюмень,2020-04-07
973,Тюмень,2020-04-07
974,Тюмень,2020-04-07
975,Санкт-Петербург,2020-04-07
976,Санкт-Петербург,2020-04-07
977,Тюмень,2020-04-07
978,Новосибирск,2020-04-07
979,Москва,2020-04-07
980,Тюмень,2020-04-07
981,Тюмень,2020-04-08
982,Санкт-Петербург,2020-04-08
983,Тюмень,2020-04-08
984,Москва,2020-04-08
985,Новосибирск,2020-04-08
986,Москва,2020-04-08
987,Санкт-Петербург,2020-04-08
988,Санкт-Петербург,2020-04-08
989,Санкт-Петербург,2020-04-08
990,Санкт-Петербург,2020-04-08
991,Тюмень,2020-04-09
992,Тюмень,2020-04-09
993,Москва,2020-04-09
994,Новосибирск,2020-04-09
995,Новосибирск,2020-04-09
996,Санкт-Петербург,2020-04-09
997,Москва,2020-04-09
998,Санкт-Петербург,2020-04-09
999,Новосибирск,2020-04-09
1000,Санкт-Петербург,2020-04-09
1001,Санкт-Петербург,2020-04-10
1002,Санкт-Петербург,2020-04-10
1003,Москва,2020-04-10
1004,Новосибирск,2020-04-10
1005,Санкт-Петербург,2020-04-10
1006,Москва,2020-04-10
1007,Москва,2020-04-10
1008,Новосибирск,2020-04-10
1009,Тюмень,2020-04-10
1010,Москва,2020-04-10
1011,Санкт-Петербург,2020-04-11
1012,Тюмень,2020-04-11
1013,Санкт-Петербург,2020-04-11
1014,Тюмень,2020-04-11
1015,Москва,2020-04-11
1016,Санкт-Петербург,2020-04-11
1017,Санкт-Петербург,2020-04-11
1018,Санкт-Петербург,2020-04-11
1019,Новосибирск,2020-04-11
1020,Новосибирск,2020-04-11
1021,Новосибирск,2020-04-12
1022,Новосибирск,2020-04-12
1023,Тюмень,2020-04-12
1024,Москва,2020-04-12
1025,Новосибирск,2020-04-12
1026,Москва,2020-04-12
1027,Новосибирск,2020-04-12
1028,Тюмень,2020-04-12
1029,Тюмень,2020-04-12
1030,Москва,2020-04-12
1031,Тюмень,2020-04-13
1032,Тюмень,2020-04-13
1033,Москва,2020-04-13
1034,Тюмень,2020-04-13
1035,Тюмень,2020-04-13
1036,Санкт-Петербург,2020-04-13
1037,Санкт-Петербург,2020-04-13
1038,Тюмень,2020-04-13
1039,Новосибирск,2020-04-13
1040,Москва,2020-04-13
1041,Москва,2020-04-14
1042,Санкт-Петербург,2020-04-14
1043,Санкт-Петербург,2020-04-14
1044,Москва,2020-04-14
1045,Санкт-Петербург,2020-04-14
1046,Москва,2020-04-14
1047,Тюмень,2020-04-14
1048,Москва,2020-04-14
1049,Москва,2020-04-14
1050,Санкт-Петербург,2020-04-14
1051,Новосибирск,2020-04-15
1052,Тюмень,2020-04-15
1053,Санкт-Петербург,2020-04-15
1054,Тюмень,2020-04-15
1055,Москва,2020-04-15
1056,Москва,2020-04-15
1057,Санкт-Петербург,2020-04-15
1058,Москва,2020-04-15
1059,Новосибирск,2020-04-15
1060,Санкт-Петербург,2020-04-15
1061,Санкт-Петербург,2020-04-16
1062,Москва,2020-04-16
1063,Санкт-Петербург,2020-04-16
1064,Москва,2020-04-16
1065,Москва,2020-04-16
1066,Тюмень,2020-04-16
1067,Новосибирск,2020-04-16
1068,Тюмень,2020-04-16
1069,Тюмень,2020-04-16
1070,Санкт-Петербург,2020-04-16
1071,Санкт-Петербург,2020-04-17
1072,Москва,2020-04-17
1073,Москва,2020-04-17
1074,Тюмень,2020-04-17
1075,Тюмень,2020-04-17
1076,Новосибирск,2020-04-17
1077,Тюмень,2020-04-17
1078,Тюмень,2020-04-17
1079,Москва,2020-04-17
1080,Тюмень,2020-04-17
1081,Новосибирск,2020-04-18
1082,Новосибирск,2020-04-18
1083,Москва,2020-04-18
1084,Москва,2020-04-18
1085,Москва,2020-04-18
1086,Тюмень,2020-04-18
1087,Санкт-Петербург,2020-04-18
1088,Новосибирск,2020-04-18
1089,Новосибирск,2020-04-18
1090,Москва,2020-04-18
1091,Тюмень,2020-04-19
1092,Новосибирск,2020-04-19
1093,Новосибирск,2020-04-19
1094,Новосибирск,2020-04-19
1095,Москва,2020-04-19
1096,Тюмень,2020-04-19
1097,Новосибирск,2020-04-19
1098,Тюмень,2020-04-19
1099,Тюмень,2020-04-19
1100,Санкт-Петербург,2020-04-19
1101,Тюмень,2020-04-20
1102,Санкт-Петербург,2020-04-20
1103,Москва,2020-04-20
1104,Новосибирск,2020-04-20
1105,Москва,2020-04-20
1106,Санкт-Петербург,2020-04-20
1107,Москва,2020-04-20
1108,Новосибирск,2020-04-20
1109,Москва,2020-04-20
1110,Санкт-Петербург,2020-04-20
1111,Москва,2020-04-21
1112,Санкт-Петербург,2020-04-21
1113,Новосибирск,2020-04-21
1114,Москва,2020-04-21
1115,Санкт-Петербург,2020-04-21
1116,Санкт-Петербург,2020-04-21
1117,Санкт-Петербург,2020-04-21
1118,Санкт-Петербург,2020-04-21
1119,Новосибирск,2020-04-21
1120,Санкт-Петербург,2020-04-21
1121,Москва,2020-04-22
1122,Москва,2020-04-22
1123,Санкт-Петербург,2020-04-22
1124,Тюмень,2020-04-22
1125,Тюмень,2020-04-22
1126,Санкт-Петербург,2020-04-22
1127,Новосибирск,2020-04-22
1128,Новосибирск,2020-04-22
1129,Тюмень,2020-04-22
1130,Москва,2020-04-22
1131,Москва,2020-04-23
1132,Санкт-Петербург,2020-04-23
1133,Новосибирск,2020-04-23
1134,Тюмень,2020-04-23
1135,Тюмень,2020-04-23
1136,Тюмень,2020-04-23
1137,Новосибирск,2020-04-23
1138,Москва,2020-04-23
1139,Тюмень,2020-04-23
1140,Новосибирск,2020-04-23
1141,Санкт-Петербург,2020-04-24
1142,Москва,2020-04-24
1143,Тюмень,2020-04-24
1144,Москва,2020-04-24
1145,Москва,2020-04-24
1146,Новосибирск,2020-04-24
1147,Москва,2020-04-24
1148,Москва,2020-04-24
1149,Тюмень,2020-04-24
1150,Новосибирск,2020-04-24
1151,Тюмень,2020-04-25
1152,Новосибирск,2020-04-25
1153,Москва,2020-04-25
1154,Санкт-Петербург,2020-04-25
1155,Тюмень,2020-04-25
1156,Тюмень,2020-04-25
1157,Санкт-Петербург,2020-04-25
1158,Москва,2020-04-25
1159,Санкт-Петербург,2020-04-25
1160,Тюмень,2020-04-25
1161,Москва,2020-04-26
1162,Новосибирск,2020-04-26
1163,Москва,2020-04-26
1164,Санкт-Петербург,2020-04-26
1165,Тюмень,2020-04-26
1166,Москва,2020-04-26
1167,Санкт-Петербург,2020-04-26
1168,Санкт-Петербург,2020-04-26
1169,Новосибирск,2020-04-26
1170,Тюмень,2020-04-26
1171,Новосибирск,2020-04-27
1172,Санкт-Петербург,2020-04-27
1173,Тюмень,2020-04-27
1174,Санкт-Петербург,2020-04-27
1175,Москва,2020-04-27
1176,Тюмень,2020-04-27
1177,Москва,2020-04-27
1178,Тюмень,2020-04-27
1179,Москва,2020-04-27
1180,Санкт-Петербург,2020-04-27
1181,Новосибирск,2020-04-28
1182,Тюмень,2020-04-28
1183,Тюмень,2020-04-28
1184,Новосибирск,2020-04-28
1185,Тюмень,2020-04-28
1186,Москва,2020-04-28
1187,Санкт-Петербург,2020-04-28
1188,Москва,2020-04-28
1189,Тюмень,2020-04-28
1190,Новосибирск,2020-04-28
1191,Новосибирск,2020-04-29
1192,Тюмень,2020-04-29
1193,Москва,2020-04-29
1194,Москва,2020-04-29
1195,Тюмень,2020-04-29
1196,Москва,2020-04-29
1197,Москва,2020-04-29
1198,Новосибирск,2020-04-29
1199,Москва,2020-04-29
1200,Тюмень,2020-04-29
1201,Москва,2020-04-30
1202,Москва,2020-04-30
1203,Тюмень,2020-04-30
1204,Новосибирск,2020-04-30
1205,Новосибирск,2020-04-30
1206,Новосибирск,2020-04-30
1207,Москва,2020-04-30
1208,Санкт-Петербург,2020-04-30
1209,Новосибирск,2020-04-30
1210,Москва,2020-04-30
1211,Санкт-Петербург,2020-05-01
1212,Новосибирск,2020-05-01
1213,Тюмень,2020-05-01
1214,Москва,2020-05-01
1215,Санкт-Петербург,2020-05-01
1216,Новосибирск,2020-05-01
1217,Москва,2020-05-01
1218,Новосибирск,2020-05-01
1219,Москва,2020-05-01
1220,Тюмень,2020-05-01
1221,Москва,2020-05-02
1222,Санкт-Петербург,2020-05-02
1223,Тюмень,2020-05-02
1224,Новосибирск,2020-05-02
1225,Тюмень,2020-05-02
1226,Тюмень,2020-05-02
1227,Санкт-Петербург,2020-05-02
1228,Новосибирск,2020-05-02
1229,Москва,2020-05-02
1230,Москва,2020-05-02
1231,Новосибирск,2020-05-03
1232,Санкт-Петербург,2020-05-03
1233,Новосибирск,2020-05-03
1234,Тюмень,2020-05-03
1235,Санкт-Петербург,2020-05-03
1236,Новосибирск,2020-05-03
1237,Новосибирск,2020-05-03
1238,Санкт-Петербург,2020-05-03
1239,Новосибирск,2020-05-03
1240,Санкт-Петербург,2020-05-03
1241,Санкт-Петербург,2020-05-04
1242,Новосибирск,2020-05-04
1243,Москва,2020-05-04
1244,Санкт-Петербург,2020-05-04
1245,Санкт-Петербург,2020-05-04
1246,Тюмень,2020-05-04
1247,Санкт-Петербург,2020-05-04
1248,Санкт-Петербург,2020-05-04
1249,Санкт-Петербург,2020-05-04
1250,Тюмень,2020-05-04
1251,Москва,2020-05-05
1252,Новосибирск,2020-05-05
1253,Новосибирск,2020-05-05
1254,Тюмень,2020-05-05
1255,Тюмень,2020-05-05
1256,Тюмень,2020-05-05
1257,Санкт-Петербург,2020-05-05
1258,Москва,2020-05-05
1259,Санкт-Петербург,2020-05-05
1260,Новосибирск,2020-05-05
1261,Москва,2020-05-06
1262,Санкт-Петербург,2020-05-06
1263,Москва,2020-05-06
1264,Тюмень,2020-05-06
1265,Тюмень,2020-05-06
1266,Новосибирск,2020-05-06
1267,Тюмень,2020-05-06
1268,Санкт-Петербург,2020-05-06
1269,Санкт-Петербург,2020-05-06
1270,Новосибирск,2020-05-06
1271,Санкт-Петербург,2020-05-07
1272,Тюмень,2020-05-07
1273,Новосибирск,2020-05-07
1274,Новосибирск,2020-05-07
1275,Санкт-Петербург,2020-05-07
1276,Тюмень,2020-05-07
1277,Новосибирск,2020-05-07
1278,Тюмень,2020-05-07
1279,Тюмень,2020-05-07
1280,Санкт-Петербург,2020-05-07
1281,Тюмень,2020-05-08
1282,Тюмень,2020-05-08
1283,Москва,2020-05-08
1284,Санкт-Петербург,2020-05-08
1285,Новосибирск,2020-05-08
1286,Москва,2020-05-08
1287,Новосибирск,2020-05-08
1288,Тюмень,2020-05-08
1289,Санкт-Петербург,2020-05-08
1290,Тюмень,2020-05-08
1291,Тюмень,2020-05-09
1292,Новосибирск,2020-05-09
1293,Новосибирск,2020-05-09
1294,Тюмень,2020-05-09
1295,Москва,2020-05-09
1296,Новосибирск,2020-05-09
1297,Новосибирск,2020-05-09
1298,Новосибирск,2020-05-09
1299,Тюмень,2020-05-09
1300,Новосибирск,2020-05-09
1301,Санкт-Петербург,2020-05-10
1302,Тюмень,2020-05-10
1303,Новосибирск,2020-05-10
1304,Москва,2020-05-10
1305,Москва,2020-05-10
1306,Тюмень,2020-05-10
1307,Новосибирск,2020-05-10
1308,Санкт-Петербург,2020-05-10
1309,Новосибирск,2020-05-10
1310,Москва,2020-05-10
1311,Новосибирск,2020-05-11
1312,Москва,2020-05-11
1313,Москва,2020-05-11
1314,Санкт-Петербург,2020-05-11
1315,Тюмень,2020-05-11
1316,Санкт-Петербург,2020-05-11
1317,Санкт-Петербург,2020-05-11
1318,Санкт-Петербург,2020-05-11
1319,Москва,2020-05-11
1320,Тюмень,2020-05-11
1321,Тюмень,2020-05-12
1322,Санкт-Петербург,2020-05-12
1323,Санкт-Петербург,2020-05-12
1324,Тюмень,2020-05-12
1325,Санкт-Петербург,2020-05-12
1326,Москва,2020-05-12
1327,Тюмень,2020-05-12
1328,Санкт-Петербург,2020-05-12
1329,Москва,2020-05-12
1330,Санкт-Петербург,2020-05-12
1331,Москва,2020-05-13
1332,Новосибирск,2020-05-13
1333,Москва,2020-05-13
1334,Москва,2020-05-13
1335,Тюмень,2020-05-13
1336,Москва,2020-05-13
1337,Санкт-Петербург,2020-05-13
1338,Санкт-Петербург,2020-05-13
1339,Москва,2020-05-13
1340,Тюмень,2020-05-13
1341,Тюмень,2020-05-14
1342,Москва,2020-05-14
1343,Новосибирск,2020-05-14
1344,Москва,2020-05-14
1345,Тюмень,2020-05-14
1346,Москва,2020-05-14
1347,Москва,2020-05-14
1348,Москва,2020-05-14
1349,Новосибирск,2020-05-14
1350,Новосибирск,2020-05-14
1351,Тюмень,2020-05-15
1352,Тюмень,2020-05-15
1353,Санкт-Петербург,2020-05-15
1354,Новосибирск,2020-05-15
1355,Санкт-Петербург,2020-05-15
1356,Санкт-Петербург,2020-05-15
1357,Санкт-Петербург,2020-05-15
1358,Санкт-Петербург,2020-05-15
1359,Новосибирск,2020-05-15
1360,Тюмень,2020-05-15
1361,Санкт-Петербург,2020-05-16
1362,Новосибирск,2020-05-16
1363,Тюмень,2020-05-16
1364,Тюмень,2020-05-16
1365,Санкт-Петербург,2020-05-16
1366,Санкт-Петербург,2020-05-16
1367,Новосибирск,2020-05-16
1368,Москва,2020-05-16
1369,Москва,2020-05-16
1370,Москва,2020-05-16
1371,Санкт-Петербург,2020-05-17
1372,Тюмень,2020-05-17
1373,Тюмень,2020-05-17
1374,Москва,2020-05-17
1375,Санкт-Петербург,2020-05-17
1376,Тюмень,2020-05-17
1377,Санкт-Петербург,2020-05-17
1378,Москва,2020-05-17
1379,Санкт-Петербург,2020-05-17
1380,Тюмень,2020-05-17
1381,Тюмень,2020-05-18
1382,Санкт-Петербург,2020-05-18
1383,Тюмень,2020-05-18
1384,Москва,2020-05-18
1385,Санкт-Петербург,2020-05-18
1386,Москва,2020-05-18
1387,Санкт-Петербург,2020-05-18
1388,Москва,2020-05-18
1389,Москва,2020-05-18
1390,Москва,2020-05-18
1391,Москва,2020-05-19
1392,Москва,2020-05-19
1393,Тюмень,2020-05-19
1394,Санкт-Петербург,2020-05-19
1395,Санкт-Петербург,2020-05-19
1396,Новосибирск,2020-05-19
1397,Москва,2020-05-19
1398,Новосибирск,2020-05-19
1399,Тюмень,2020-05-19
1400,Тюмень,2020-05-19
1401,Санкт-Петербург,2020-05-20
1402,Санкт-Петербург,2020-05-20
1403,Москва,2020-05-20
1404,Санкт-Петербург,2020-05-20
1405,Санкт-Петербург,2020-05-20
1406,Тюмень,2020-05-20
1407,Москва,2020-05-20
1408,Москва,2020-05-20
1409,Тюмень,2020-05-20
1410,Тюмень,2020-05-20
1411,Санкт-Петербург,2020-05-21
1412,Новосибирск,2020-05-21
1413,Москва,2020-05-21
1414,Тюмень,2020-05-21
1415,Тюмень,2020-05-21
1416,Тюмень,2020-05-21
1417,Тюмень,2020-05-21
1418,Тюмень,2020-05-21
1419,Новосибирск,2020-05-21
1420,Тюмень,2020-05-21
1421,Москва,2020-05-22
1422,Новосибирск,2020-05-22
1423,Тюмень,2020-05-22
1424,Москва,2020-05-22
1425,Тюмень,2020-05-22
1426,Новосибирск,2020-05-22
1427,Новосибирск,2020-05-22
1428,Москва,2020-05-22
1429,Новосибирск,2020-05-22
1430,Москва,2020-05-22
1431,Тюмень,2020-05-23
1432,Новосибирск,2020-05-23
1433,Тюмень,2020-05-23
1434,Новосибирск,2020-05-23
1435,Москва,2020-05-23
1436,Санкт-Петербург,2020-05-23
1437,Москва,2020-05-23
1438,Тюмень,2020-05-23
1439,Москва,2020-05-23
1440,Новосибирск,2020-05-23
1441,Москва,2020-05-24
1442,Тюмень,2020-05-24
1443,Москва,2020-05-24
1444,Новосибирск,2020-05-24
1445,Новосибирск,2020-05-24
1446,Тюмень,2020-05-24
1447,Тюмень,2020-05-24
1448,Новосибирск,2020-05-24
1449,Тюмень,2020-05-24
1450,Тюмень,2020-05-24
1451,Новосибирск,2020-05-25
1452,Санкт-Петербург,2020-05-25
1453,Москва,2020-05-25
1454,Тюмень,2020-05-25
1455,Санкт-Петербург,2020-05-25
1456,Санкт-Петербург,2020-05-25
1457,Москва,2020-05-25
1458,Москва,2020-05-25
1459,Москва,2020-05-25
1460,Новосибирск,2020-05-25
1461,Тюмень,2020-05-26
1462,Новосибирск,2020-05-26
1463,Санкт-Петербург,2020-05-26
1464,Санкт-Петербург,2020-05-26
1465,Новосибирск,2020-05-26
1466,Москва,2020-05-26
1467,Санкт-Петербург,2020-05-26
1468,Новосибирск,2020-05-26
1469,Тюмень,2020-05-26
1470,Тюмень,2020-05-26
1471,Москва,2020-05-27
1472,Москва,2020-05-27
1473,Москва,2020-05-27
1474,Москва,2020-05-27
1475,Санкт-Петербург,2020-05-27
1476,Тюмень,2020-05-27
1477,Новосибирск,2020-05-27
1478,Москва,2020-05-27
1479,Тюмень,2020-05-27
1480,Санкт-Петербург,2020-05-27
1481,Новосибирск,2020-05-28
1482,Санкт-Петербург,2020-05-28
1483,Новосибирск,2020-05-28
1484,Новосибирск,2020-05-28
1485,Тюмень,2020-05-28
1486,Санкт-Петербург,2020-05-28
1487,Новосибирск,2020-05-28
1488,Санкт-Петербург,2020-05-28
1489,Новосибирск,2020-05-28
1490,Новосибирск,2020-05-28
1491,Новосибирск,2020-05-29
1492,Санкт-Петербург,2020-05-29
1493,Новосибирск,2020-05-29
1494,Новосибирск,2020-05-29
1495,Тюмень,2020-05-29
1496,Новосибирск,2020-05-29
1497,Новосибирск,2020-05-29
1498,Новосибирск,2020-05-29
1499,Новосибирск,2020-05-29
1500,Новосибирск,2020-05-29
1501,Тюмень,2020-05-30
1502,Санкт-Петербург,2020-05-30
1503,Москва,2020-05-30
1504,Санкт-Петербург,2020-05-30
1505,Тюмень,2020-05-30
1506,Тюмень,2020-05-30
1507,Санкт-Петербург,2020-05-30
1508,Санкт-Петербург,2020-05-30
1509,Новосибирск,2020-05-30
1510,Санкт-Петербург,2020-05-30
1511,Новосибирск,2020-05-31
1512,Новосибирск,2020-05-31
1513,Москва,2020-05-31
1514,Тюмень,2020-05-31
1515,Москва,2020-05-31
1516,Санкт-Петербург,2020-05-31
1517,Новосибирск,2020-05-31
1518,Санкт-Петербург,2020-05-31
1519,Новосибирск,2020-05-31
1520,Тюмень,2020-05-31
1521,Новосибирск,2020-06-01
1522,Москва,2020-06-01
1523,Тюмень,2020-06-01
1524,Тюмень,2020-06-01
1525,Санкт-Петербург,2020-06-01
1526,Санкт-Петербург,2020-06-01
1527,Москва,2020-06-01
1528,Москва,2020-06-01
1529,Тюмень,2020-06-01
1530,Тюмень,2020-06-01
1531,Новосибирск,2020-06-02
1532,Новосибирск,2020-06-02
1533,Тюмень,2020-06-02
1534,Москва,2020-06-02
1535,Санкт-Петербург,2020-06-02
1536,Тюмень,2020-06-02
1537,Санкт-Петербург,2020-06-02
1538,Тюмень,2020-06-02
1539,Москва,2020-06-02
1540,Тюмень,2020-06-02
1541,Санкт-Петербург,2020-06-03
1542,Новосибирск,2020-06-03
1543,Тюмень,2020-06-03
1544,Тюмень,2020-06-03
1545,Новосибирск,2020-06-03
1546,Санкт-Петербург,2020-06-03
1547,Тюмень,2020-06-03
1548,Санкт-Петербург,2020-06-03
1549,Новосибирск,2020-06-03
1550,Новосибирск,2020-06-03
1551,Новосибирск,2020-06-04
1552,Санкт-Петербург,2020-06-04
1553,Новосибирск,2020-06-04
1554,Новосибирск,2020-06-04
1555,Санкт-Петербург,2020-06-04
1556,Новосибирск,2020-06-04
1557,Новосибирск,2020-06-04
1558,Новосибирск,2020-06-04
1559,Санкт-Петербург,2020-06-04
1560,Новосибирск,2020-06-04
1561,Тюмень,2020-06-05
1562,Москва,2020-06-05
1563,Тюмень,2020-06-05
1564,Санкт-Петербург,2020-06-05
1565,Санкт-Петербург,2020-06-05
1566,Москва,2020-06-05
1567,Москва,2020-06-05
1568,Новосибирск,2020-06-05
1569,Москва,2020-06-05
1570,Тюмень,2020-06-05
1571,Москва,2020-06-06
1572,Санкт-Петербург,2020-06-06
1573,Тюмень,2020-06-06
1574,Тюмень,2020-06-06
1575,Новосибирск,2020-06-06
1576,Тюмень,2020-06-06
1577,Москва,2020-06-06
1578,Тюмень,2020-06-06
1579,Новосибирск,2020-06-06
1580,Тюмень,2020-06-06
1581,Тюмень,2020-06-07
1582,Санкт-Петербург,2020-06-07
1583,Тюмень,2020-06-07
1584,Новосибирск,2020-06-07
1585,Новосибирск,2020-06-07
1586,Санкт-Петербург,2020-06-07
1587,Новосибирск,2020-06-07
1588,Новосибирск,2020-06-07
1589,Санкт-Петербург,2020-06-07
1590,Санкт-Петербург,2020-06-07
1591,Тюмень,2020-06-08
1592,Новосибирск,2020-06-08
1593,Санкт-Петербург,2020-06-08
1594,Санкт-Петербург,2020-06-08
1595,Тюмень,2020-06-08
1596,Новосибирск,2020-06-08
1597,Тюмень,2020-06-08
1598,Тюмень,2020-06-08
1599,Новосибирск,2020-06-08
1600,Санкт-Петербург,2020-06-08
1601,Тюмень,2020-06-09
1602,Тюмень,2020-06-09
1603,Санкт-Петербург,2020-06-09
1604,Тюмень,2020-06-09
1605,Тюмень,2020-06-09
1606,Санкт-Петербург,2020-06-09
1607,Москва,2020-06-09
1608,Санкт-Петербург,2020-06-09
1609,Новосибирск,2020-06-09
1610,Санкт-Петербург,2020-06-09
1611,Новосибирск,2020-06-10
1612,Санкт-Петербург,2020-06-10
1613,Москва,2020-06-10
1614,Москва,2020-06-10
1615,Москва,2020-06-10
1616,Тюмень,2020-06-10
1617,Москва,2020-06-10
1618,Москва,2020-06-10
1619,Новосибирск,2020-06-10
1620,Тюмень,2020-06-10
1621,Тюмень,2020-06-11
1622,Тюмень,2020-06-11
1623,Москва,2020-06-11
1624,Санкт-Петербург,2020-06-11
1625,Новосибирск,2020-06-11
1626,Санкт-Петербург,2020-06-11
1627,Москва,2020-06-11
1628,Тюмень,2020-06-11
1629,Москва,2020-06-11
1630,Санкт-Петербург,2020-06-11
1631,Санкт-Петербург,2020-06-12
1632,Тюмень,2020-06-12
1633,Тюмень,2020-06-12
1634,Москва,2020-06-12
1635,Москва,2020-06-12
1636,Тюмень,2020-06-12
1637,Новосибирск,2020-06-12
1638,Новосибирск,2020-06-12
1639,Новосибирск,2020-06-12
1640,Санкт-Петербург,2020-06-12
1641,Санкт-Петербург,2020-06-13
1642,Санкт-Петербург,2020-06-13
1643,Тюмень,2020-06-13
1644,Тюмень,2020-06-13
1645,Новосибирск,2020-06-13
1646,Санкт-Петербург,2020-06-13
1647,Москва,2020-06-13
1648,Москва,2020-06-13
1649,Новосибирск,2020-06-13
1650,Новосибирск,2020-06-13
1651,Тюмень,2020-06-14
1652,Новосибирск,2020-06-14
1653,Москва,2020-06-14
1654,Санкт-Петербург,2020-06-14
1655,Санкт-Петербург,2020-06-14
1656,Новосибирск,2020-06-14
1657,Москва,2020-06-14
1658,Тюмень,2020-06-14
1659,Тюмень,2020-06-14
1660,Москва,2020-06-14
1661,Тюмень,2020-06-15
1662,Москва,2020-06-15
1663,Москва,2020-06-15
1664,Москва,2020-06-15
1665,Новосибирск,2020-06-15
1666,Санкт-Петербург,2020-06-15
1667,Тюмень,2020-06-15
1668,Тюмень,2020-06-15
1669,Санкт-Петербург,2020-06-15
1670,Москва,2020-06-15
1671,Москва,2020-06-16
1672,Москва,2020-06-16
1673,Тюмень,2020-06-16
1674,Тюмень,2020-06-16
1675,Новосибирск,2020-06-16
1676,Санкт-Петербург,2020-06-16
1677,Москва,2020-06-16
1678,Тюмень,2020-06-16
1679,Москва,2020-06-16
1680,Санкт-Петербург,2020-06-16
1681,Тюмень,2020-06-17
1682,Санкт-Петербург,2020-06-17
1683,Москва,2020-06-17
1684,Санкт-Петербург,2020-06-17
1685,Новосибирск,2020-06-17
1686,Тюмень,2020-06-17
1687,Москва,2020-06-17
1688,Новосибирск,2020-06-17
1689,Москва,2020-06-17
1690,Москва,2020-06-17
1691,Санкт-Петербург,2020-06-18
1692,Санкт-Петербург,2020-06-18
1693,Санкт-Петербург,2020-06-18
1694,Новосибирск,2020-06-18
1695,Новосибирск,2020-06-18
1696,Санкт-Петербург,2020-06-18
1697,Москва,2020-06-18
1698,Новосибирск,2020-06-18
1699,Тюмень,2020-06-18
1700,Москва,2020-06-18
1701,Новосибирск,2020-06-19
1702,Москва,2020-06-19
1703,Тюмень,2020-06-19
1704,Санкт-Петербург,2020-06-19
1705,Санкт-Петербург,2020-06-19
1706,Новосибирск,2020-06-19
1707,Тюмень,2020-06-19
1708,Санкт-Петербург,2020-06-19
1709,Москва,2020-06-19
1710,Санкт-Петербург,2020-06-19
1711,Новосибирск,2020-06-20
1712,Санкт-Петербург,2020-06-20
1713,Новосибирск,2020-06-20
1714,Тюмень,2020-06-20
1715,Тюмень,2020-06-20
1716,Тюмень,2020-06-20
1717,Санкт-Петербург,2020-06-20
1718,Санкт-Петербург,2020-06-20
1719,Санкт-Петербург,2020-06-20
1720,Санкт-Петербург,2020-06-20
1721,Новосибирск,2020-06-21
1722,Тюмень,2020-06-21
1723,Новосибирск,2020-06-21
1724,Новосибирск,2020-06-21
1725,Тюмень,2020-06-21
1726,Москва,2020-06-21
1727,Санкт-Петербург,2020-06-21
1728,Москва,2020-06-21
1729,Санкт-Петербург,2020-06-21
1730,Москва,2020-06-21
1731,Санкт-Петербург,2020-06-22
1732,Новосибирск,2020-06-22
1733,Тюмень,2020-06-22
1734,Тюмень,2020-06-22
1735,Санкт-Петербург,2020-06-22
1736,Новосибирск,2020-06-22
1737,Тюмень,2020-06-22
1738,Тюмень,2020-06-22
1739,Санкт-Петербург,2020-06-22
1740,Санкт-Петербург,2020-06-22
1741,Новосибирск,2020-06-23
1742,Санкт-Петербург,2020-06-23
1743,Тюмень,2020-06-23
1744,Новосибирск,2020-06-23
1745,Новосибирск,2020-06-23
1746,Новосибирск,2020-06-23
1747,Тюмень,2020-06-23
1748,Санкт-Петербург,2020-06-23
1749,Санкт-Петербург,2020-06-23
1750,Тюмень,2020-06-23
1751,Тюмень,2020-06-24
1752,Москва,2020-06-24
1753,Тюмень,2020-06-24
1754,Москва,2020-06-24
1755,Санкт-Петербург,2020-06-24
1756,Санкт-Петербург,2020-06-24
1757,Тюмень,2020-06-24
1758,Новосибирск,2020-06-24
1759,Санкт-Петербург,2020-06-24
1760,Новосибирск,2020-06-24
1761,Новосибирск,2020-06-25
1762,Тюмень,2020-06-25
1763,Тюмень,2020-06-25
1764,Москва,2020-06-25
1765,Новосибирск,2020-06-25
1766,Тюмень,2020-06-25
1767,Москва,2020-06-25
1768,Новосибирск,2020-06-25
1769,Тюмень,2020-06-25
1770,Новосибирск,2020-06-25
1771,Москва,2020-06-26
1772,Москва,2020-06-26
1773,Новосибирск,2020-06-26
1774,Санкт-Петербург,2020-06-26
1775,Новосибирск,2020-06-26
1776,Санкт-Петербург,2020-06-26
1777,Тюмень,2020-06-26
1778,Санкт-Петербург,2020-06-26
1779,Тюмень,2020-06-26
1780,Тюмень,2020-06-26
1781,Тюмень,2020-06-27
1782,Санкт-Петербург,2020-06-27
1783,Новосибирск,2020-06-27
1784,Новосибирск,2020-06-27
1785,Новосибирск,2020-06-27
1786,Санкт-Петербург,2020-06-27
1787,Тюмень,2020-06-27
1788,Новосибирск,2020-06-27
1789,Москва,2020-06-27
1790,Новосибирск,2020-06-27
1791,Москва,2020-06-28
1792,Тюмень,2020-06-28
1793,Тюмень,2020-06-28
1794,Тюмень,2020-06-28
1795,Санкт-Петербург,2020-06-28
1796,Новосибирск,2020-06-28
1797,Новосибирск,2020-06-28
1798,Санкт-Петербург,2020-06-28
1799,Тюмень,2020-06-28
1800,Москва,2020-06-28
1801,Санкт-Петербург,2020-06-29
1802,Москва,2020-06-29
1803,Москва,2020-06-29
1804,Санкт-Петербург,2020-06-29
1805,Тюмень,2020-06-29
1806,Тюмень,2020-06-29
1807,Москва,2020-06-29
1808,Санкт-Петербург,2020-06-29
1809,Тюмень,2020-06-29
1810,Москва,2020-06-29
1811,Тюмень,2020-06-30
1812,Тюмень,2020-06-30
1813,Тюмень,2020-06-30
1814,Тюмень,2020-06-30
1815,Москва,2020-06-30
1816,Санкт-Петербург,2020-06-30
1817,Москва,2020-06-30
1818,Новосибирск,2020-06-30
1819,Санкт-Петербург,2020-06-30
1820,Москва,2020-06-30
1821,Москва,2020-07-01
1822,Тюмень,2020-07-01
1823,Санкт-Петербург,2020-07-01
1824,Москва,2020-07-01
1825,Москва,2020-07-01
1826,Санкт-Петербург,2020-07-01
1827,Санкт-Петербург,2020-07-01
1828,Тюмень,2020-07-01
1829,Тюмень,2020-07-01
1830,Санкт-Петербург,2020-07-01
1831,Москва,2020-07-02
1832,Санкт-Петербург,2020-07-02
1833,Новосибирск,2020-07-02
1834,Москва,2020-07-02
1835,Тюмень,2020-07-02
1836,Санкт-Петербург,2020-07-02
1837,Новосибирск,2020-07-02
1838,Новосибирск,2020-07-02
1839,Тюмень,2020-07-02
1840,Санкт-Петербург,2020-07-02
1841,Тюмень,2020-07-03
1842,Тюмень,2020-07-03
1843,Москва,2020-07-03
1844,Новосибирск,2020-07-03
1845,Новосибирск,2020-07-03
1846,Санкт-Петербург,2020-07-03
1847,Москва,2020-07-03
1848,Новосибирск,2020-07-03
1849,Тюмень,2020-07-03
1850,Тюмень,2020-07-03
1851,Новосибирск,2020-07-04
1852,Санкт-Петербург,2020-07-04
1853,Санкт-Петербург,2020-07-04
1854,Санкт-Петербург,2020-07-04
1855,Москва,2020-07-04
1856,Новосибирск,2020-07-04
1857,Новосибирск,2020-07-04
1858,Москва,2020-07-04
1859,Тюмень,2020-07-04
1860,Санкт-Петербург,2020-07-04
1861,Санкт-Петербург,2020-07-05
1862,Тюмень,2020-07-05
1863,Москва,2020-07-05
1864,Москва,2020-07-05
1865,Новосибирск,2020-07-05
1866,Санкт-Петербург,2020-07-05
1867,Новосибирск,2020-07-05
1868,Новосибирск,2020-07-05
1869,Тюмень,2020-07-05
1870,Санкт-Петербург,2020-07-05
1871,Тюмень,2020-07-06
1872,Новосибирск,2020-07-06
1873,Санкт-Петербург,2020-07-06
1874,Тюмень,2020-07-06
1875,Новосибирск,2020-07-06
1876,Санкт-Петербург,2020-07-06
1877,Санкт-Петербург,2020-07-06
1878,Москва,2020-07-06
1879,Москва,2020-07-06
1880,Москва,2020-07-06
1881,Санкт-Петербург,2020-07-07
1882,Санкт-Петербург,2020-07-07
1883,Санкт-Петербург,2020-07-07
1884,Санкт-Петербург,2020-07-07
1885,Санкт-Петербург,2020-07-07
1886,Тюмень,2020-07-07
1887,Москва,2020-07-07
1888,Санкт-Петербург,2020-07-07
1889,Санкт-Петербург,2020-07-07
1890,Санкт-Петербург,2020-07-07
1891,Тюмень,2020-07-08
1892,Москва,2020-07-08
1893,Новосибирск,2020-07-08
1894,Москва,2020-07-08
1895,Тюмень,2020-07-08
1896,Москва,2020-07-08
1897,Новосибирск,2020-07-08
1898,Москва,2020-07-08
1899,Тюмень,2020-07-08
1900,Москва,2020-07-08
1901,Новосибирск,2020-07-09
1902,Тюмень,2020-07-09
1903,Новосибирск,2020-07-09
1904,Санкт-Петербург,2020-07-09
1905,Санкт-Петербург,2020-07-09
1906,Новосибирск,2020-07-09
1907,Новосибирск,2020-07-09
1908,Санкт-Петербург,2020-07-09
1909,Санкт-Петербург,2020-07-09
1910,Новосибирск,2020-07-09
1911,Новосибирск,2020-07-10
1912,Новосибирск,2020-07-10
1913,Москва,2020-07-10
1914,Москва,2020-07-10
1915,Москва,2020-07-10
1916,Москва,2020-07-10
1917,Новосибирск,2020-07-10
1918,Санкт-Петербург,2020-07-10
1919,Москва,2020-07-10
1920,Новосибирск,2020-07-10
1921,Тюмень,2020-07-11
1922,Санкт-Петербург,2020-07-11
1923,Санкт-Петербург,2020-07-11
1924,Санкт-Петербург,2020-07-11
1925,Новосибирск,2020-07-11
1926,Тюмень,2020-07-11
1927,Санкт-Петербург,2020-07-11
1928,Тюмень,2020-07-11
1929,Москва,2020-07-11
1930,Санкт-Петербург,2020-07-11
1931,Новосибирск,2020-07-12
1932,Тюмень,2020-07-12
1933,Санкт-Петербург,2020-07-12
1934,Москва,2020-07-12
1935,Тюмень,2020-07-12
1936,Тюмень,2020-07-12
1937,Новосибирск,2020-07-12
1938,Санкт-Петербург,2020-07-12
1939,Тюмень,2020-07-12
1940,Новосибирск,2020-07-12
1941,Новосибирск,2020-07-13
1942,Тюмень,2020-07-13
1943,Москва,2020-07-13
1944,Санкт-Петербург,2020-07-13
1945,Санкт-Петербург,2020-07-13
1946,Тюмень,2020-07-13
1947,Тюмень,2020-07-13
1948,Новосибирск,2020-07-13
1949,Санкт-Петербург,2020-07-13
1950,Санкт-Петербург,2020-07-13
1951,Москва,2020-07-14
1952,Новосибирск,2020-07-14
1953,Новосибирск,2020-07-14
1954,Тюмень,2020-07-14
1955,Тюмень,2020-07-14
1956,Тюмень,2020-07-14
1957,Санкт-Петербург,2020-07-14
1958,Москва,2020-07-14
1959,Санкт-Петербург,2020-07-14
1960,Москва,2020-07-14
1961,Санкт-Петербург,2020-07-15
1962,Москва,2020-07-15
1963,Тюмень,2020-07-15
1964,Тюмень,2020-07-15
1965,Санкт-Петербург,2020-07-15
1966,Москва,2020-07-15
1967,Тюмень,2020-07-15
1968,Москва,2020-07-15
1969,Тюмень,2020-07-15
1970,Москва,2020-07-15
1971,Тюмень,2020-07-16
1972,Москва,2020-07-16
1973,Тюмень,2020-07-16
1974,Санкт-Петербург,2020-07-16
1975,Новосибирск,2020-07-16
1976,Новосибирск,2020-07-16
1977,Тюмень,2020-07-16
1978,Москва,2020-07-16
1979,Москва,2020-07-16
1980,Тюмень,2020-07-16
1981,Новосибирск,2020-07-17
1982,Москва,2020-07-17
1983,Санкт-Петербург,2020-07-17
1984,Тюмень,2020-07-17
1985,Тюмень,2020-07-17
1986,Москва,2020-07-17
1987,Тюмень,2020-07-17
1988,Тюмень,2020-07-17
1989,Новосибирск,2020-07-17
1990,Тюмень,2020-07-17
1991,Санкт-Петербург,2020-07-18
1992,Новосибирск,2020-07-18
1993,Тюмень,2020-07-18
1994,Новосибирск,2020-07-18
1995,Тюмень,2020-07-18
1996,Москва,2020-07-18
1997,Санкт-Петербург,2020-07-18
1998,Тюмень,2020-07-18
1999,Москва,2020-07-18
2000,Тюмень,2020-07-18
2001,Санкт-Петербург,2020-07-19
2002,Новосибирск,2020-07-19
2003,Новосибирск,2020-07-19
2004,Москва,2020-07-19
2005,Новосибирск,2020-07-19
2006,Москва,2020-07-19
2007,Новосибирск,2020-07-19
2008,Санкт-Петербург,2020-07-19
2009,Москва,2020-07-19
2010,Москва,2020-07-19
2011,Санкт-Петербург,2020-07-20
2012,Тюмень,2020-07-20
2013,Тюмень,2020-07-20
2014,Тюмень,2020-07-20
2015,Санкт-Петербург,2020-07-20
2016,Новосибирск,2020-07-20
2017,Москва,2020-07-20
2018,Тюмень,2020-07-20
2019,Санкт-Петербург,2020-07-20
2020,Новосибирск,2020-07-20
2021,Санкт-Петербург,2020-07-21
2022,Санкт-Петербург,2020-07-21
2023,Тюмень,2020-07-21
2024,Москва,2020-07-21
2025,Тюмень,2020-07-21
2026,Санкт-Петербург,2020-07-21
2027,Новосибирск,2020-07-21
2028,Санкт-Петербург,2020-07-21
2029,Новосибирск,2020-07-21
2030,Санкт-Петербург,2020-07-21
2031,Тюмень,2020-07-22
2032,Санкт-Петербург,2020-07-22
2033,Новосибирск,2020-07-22
2034,Тюмень,2020-07-22
2035,Москва,2020-07-22
2036,Москва,2020-07-22
2037,Москва,2020-07-22
2038,Санкт-Петербург,2020-07-22
2039,Новосибирск,2020-07-22
2040,Новосибирск,2020-07-22
2041,Москва,2020-07-23
2042,Санкт-Петербург,2020-07-23
2043,Тюмень,2020-07-23
2044,Новосибирск,2020-07-23
2045,Санкт-Петербург,2020-07-23
2046,Санкт-Петербург,2020-07-23
2047,Новосибирск,2020-07-23
2048,Тюмень,2020-07-23
2049,Тюмень,2020-07-23
2050,Москва,2020-07-23
2051,Новосибирск,2020-07-24
2052,Москва,2020-07-24
2053,Новосибирск,2020-07-24
2054,Новосибирск,2020-07-24
2055,Новосибирск,2020-07-24
2056,Тюмень,2020-07-24
2057,Новосибирск,2020-07-24
2058,Москва,2020-07-24
2059,Новосибирск,2020-07-24
2060,Тюмень,2020-07-24
2061,Тюмень,2020-07-25
2062,Тюмень,2020-07-25
2063,Новосибирск,2020-07-25
2064,Москва,2020-07-25
2065,Санкт-Петербург,2020-07-25
2066,Москва,2020-07-25
2067,Москва,2020-07-25
2068,Новосибирск,2020-07-25
2069,Москва,2020-07-25
2070,Санкт-Петербург,2020-07-25
2071,Москва,2020-07-26
2072,Санкт-Петербург,2020-07-26
2073,Москва,2020-07-26
2074,Тюмень,2020-07-26
2075,Тюмень,2020-07-26
2076,Санкт-Петербург,2020-07-26
2077,Москва,2020-07-26
2078,Новосибирск,2020-07-26
2079,Новосибирск,2020-07-26
2080,Новосибирск,2020-07-26
2081,Новосибирск,2020-07-27
2082,Новосибирск,2020-07-27
2083,Санкт-Петербург,2020-07-27
2084,Тюмень,2020-07-27
2085,Москва,2020-07-27
2086,Москва,2020-07-27
2087,Тюмень,2020-07-27
2088,Новосибирск,2020-07-27
2089,Новосибирск,2020-07-27
2090,Москва,2020-07-27
2091,Санкт-Петербург,2020-07-28
2092,Новосибирск,2020-07-28
2093,Москва,2020-07-28
2094,Тюмень,2020-07-28
2095,Новосибирск,2020-07-28
2096,Москва,2020-07-28
2097,Тюмень,2020-07-28
2098,Санкт-Петербург,2020-07-28
2099,Санкт-Петербург,2020-07-28
2100,Тюмень,2020-07-28
2101,Санкт-Петербург,2020-07-29
2102,Новосибирск,2020-07-29
2103,Тюмень,2020-07-29
2104,Новосибирск,2020-07-29
2105,Тюмень,2020-07-29
2106,Новосибирск,2020-07-29
2107,Санкт-Петербург,2020-07-29
2108,Тюмень,2020-07-29
2109,Санкт-Петербург,2020-07-29
2110,Тюмень,2020-07-29
2111,Тюмень,2020-07-30
2112,Новосибирск,2020-07-30
2113,Новосибирск,2020-07-30
2114,Москва,2020-07-30
2115,Новосибирск,2020-07-30
2116,Новосибирск,2020-07-30
2117,Тюмень,2020-07-30
2118,Тюмень,2020-07-30
2119,Тюмень,2020-07-30
2120,Москва,2020-07-30
2121,Санкт-Петербург,2020-07-31
2122,Новосибирск,2020-07-31
2123,Тюмень,2020-07-31
2124,Москва,2020-07-31
2125,Новосибирск,2020-07-31
2126,Тюмень,2020-07-31
2127,Москва,2020-07-31
2128,Тюмень,2020-07-31
2129,Москва,2020-07-31
2130,Тюмень,2020-07-31
2131,Новосибирск,2020-08-01
2132,Новосибирск,2020-08-01
2133,Тюмень,2020-08-01
2134,Москва,2020-08-01
2135,Москва,2020-08-01
2136,Новосибирск,2020-08-01
2137,Санкт-Петербург,2020-08-01
2138,Новосибирск,2020-08-01
2139,Тюмень,2020-08-01
2140,Новосибирск,2020-08-01
2141,Новосибирск,2020-08-02
2142,Москва,2020-08-02
2143,Санкт-Петербург,2020-08-02
2144,Тюмень,2020-08-02
2145,Москва,2020-08-02
2146,Новосибирск,2020-08-02
2147,Санкт-Петербург,2020-08-02
2148,Москва,2020-08-02
2149,Москва,2020-08-02
2150,Новосибирск,2020-08-02
2151,Тюмень,2020-08-03
2152,Новосибирск,2020-08-03
2153,Санкт-Петербург,2020-08-03
2154,Тюмень,2020-08-03
2155,Тюмень,2020-08-03
2156,Москва,2020-08-03
2157,Санкт-Петербург,2020-08-03
2158,Новосибирск,2020-08-03
2159,Санкт-Петербург,2020-08-03
2160,Москва,2020-08-03
2161,Новосибирск,2020-08-04
2162,Москва,2020-08-04
2163,Москва,2020-08-04
2164,Новосибирск,2020-08-04
2165,Тюмень,2020-08-04
2166,Москва,2020-08-04
2167,Тюмень,2020-08-04
2168,Санкт-Петербург,2020-08-04
2169,Тюмень,2020-08-04
2170,Санкт-Петербург,2020-08-04
2171,Новосибирск,2020-08-05
2172,Новосибирск,2020-08-05
2173,Тюмень,2020-08-05
2174,Москва,2020-08-05
2175,Москва,2020-08-05
2176,Новосибирск,2020-08-05
2177,Москва,2020-08-05
2178,Тюмень,2020-08-05
2179,Москва,2020-08-05
2180,Новосибирск,2020-08-05
2181,Санкт-Петербург,2020-08-06
2182,Тюмень,2020-08-06
2183,Москва,2020-08-06
2184,Новосибирск,2020-08-06
2185,Новосибирск,2020-08-06
2186,Тюмень,2020-08-06
2187,Тюмень,2020-08-06
2188,Санкт-Петербург,2020-08-06
2189,Санкт-Петербург,2020-08-06
2190,Тюмень,2020-08-06
2191,Санкт-Петербург,2020-08-07
2192,Москва,2020-08-07
2193,Москва,2020-08-07
2194,Москва,2020-08-07
2195,Новосибирск,2020-08-07
2196,Тюмень,2020-08-07
2197,Тюмень,2020-08-07
2198,Москва,2020-08-07
2199,Новосибирск,2020-08-07
2200,Новосибирск,2020-08-07
2201,Тюмень,2020-08-08
2202,Москва,2020-08-08
2203,Тюмень,2020-08-08
2204,Санкт-Петербург,2020-08-08
2205,Новосибирск,2020-08-08
2206,Новосибирск,2020-08-08
2207,Москва,2020-08-08
2208,Новосибирск,2020-08-08
2209,Новосибирск,2020-08-08
2210,Тюмень,2020-08-08
2211,Москва,2020-08-09
2212,Тюмень,2020-08-09
2213,Санкт-Петербург,2020-08-09
2214,Санкт-Петербург,2020-08-09
2215,Новосибирск,2020-08-09
2216,Новосибирск,2020-08-09
2217,Новосибирск,2020-08-09
2218,Тюмень,2020-08-09
2219,Новосибирск,2020-08-09
2220,Санкт-Петербург,2020-08-09
2221,Москва,2020-08-10
2222,Санкт-Петербург,2020-08-10
2223,Новосибирск,2020-08-10
2224,Тюмень,2020-08-10
2225,Москва,2020-08-10
2226,Тюмень,2020-08-10
2227,Москва,2020-08-10
2228,Москва,2020-08-10
2229,Санкт-Петербург,2020-08-10
2230,Москва,2020-08-10
2231,Тюмень,2020-08-11
2232,Москва,2020-08-11
2233,Тюмень,2020-08-11
2234,Москва,2020-08-11
2235,Москва,2020-08-11
2236,Новосибирск,2020-08-11
2237,Новосибирск,2020-08-11
2238,Санкт-Петербург,2020-08-11
2239,Москва,2020-08-11
2240,Санкт-Петербург,2020-08-11
2241,Санкт-Петербург,2020-08-12
2242,Москва,2020-08-12
2243,Санкт-Петербург,2020-08-12
2244,Санкт-Петербург,2020-08-12
2245,Санкт-Петербург,2020-08-12
2246,Санкт-Петербург,2020-08-12
2247,Москва,2020-08-12
2248,Тюмень,2020-08-12
2249,Санкт-Петербург,2020-08-12
2250,Тюмень,2020-08-12
2251,Тюмень,2020-08-13
2252,Москва,2020-08-13
2253,Новосибирск,2020-08-13
2254,Тюмень,2020-08-13
2255,Тюмень,2020-08-13
2256,Новосибирск,2020-08-13
2257,Москва,2020-08-13
2258,Санкт-Петербург,2020-08-13
2259,Москва,2020-08-13
2260,Тюмень,2020-08-13
2261,Москва,2020-08-14
2262,Новосибирск,2020-08-14
2263,Тюмень,2020-08-14
2264,Тюмень,2020-08-14
2265,Москва,2020-08-14
2266,Москва,2020-08-14
2267,Новосибирск,2020-08-14
2268,Санкт-Петербург,2020-08-14
2269,Санкт-Петербург,2020-08-14
2270,Новосибирск,2020-08-14
2271,Санкт-Петербург,2020-08-15
2272,Санкт-Петербург,2020-08-15
2273,Тюмень,2020-08-15
2274,Санкт-Петербург,2020-08-15
2275,Новосибирск,2020-08-15
2276,Тюмень,2020-08-15
2277,Санкт-Петербург,2020-08-15
2278,Москва,2020-08-15
2279,Тюмень,2020-08-15
2280,Тюмень,2020-08-15
2281,Москва,2020-08-16
2282,Санкт-Петербург,2020-08-16
2283,Москва,2020-08-16
2284,Москва,2020-08-16
2285,Москва,2020-08-16
2286,Новосибирск,2020-08-16
2287,Санкт-Петербург,2020-08-16
2288,Москва,2020-08-16
2289,Новосибирск,2020-08-16
2290,Москва,2020-08-16
2291,Москва,2020-08-17
2292,Тюмень,2020-08-17
2293,Москва,2020-08-17
2294,Тюмень,2020-08-17
2295,Новосибирск,2020-08-17
2296,Тюмень,2020-08-17
2297,Тюмень,2020-08-17
2298,Москва,2020-08-17
2299,Москва,2020-08-17
2300,Санкт-Петербург,2020-08-17
2301,Москва,2020-08-18
2302,Тюмень,2020-08-18
2303,Новосибирск,2020-08-18
2304,Москва,2020-08-18
2305,Санкт-Петербург,2020-08-18
2306,Новосибирск,2020-08-18
2307,Москва,2020-08-18
2308,Санкт-Петербург,2020-08-18
2309,Москва,2020-08-18
2310,Москва,2020-08-18
2311,Москва,2020-08-19
2312,Москва,2020-08-19
2313,Санкт-Петербург,2020-08-19
2314,Санкт-Петербург,2020-08-19
2315,Тюмень,2020-08-19
2316,Тюмень,2020-08-19
2317,Санкт-Петербург,2020-08-19
2318,Москва,2020-08-19
2319,Новосибирск,2020-08-19
2320,Новосибирск,2020-08-19
2321,Санкт-Петербург,2020-08-20
2322,Тюмень,2020-08-20
2323,Москва,2020-08-20
2324,Тюмень,2020-08-20
2325,Новосибирск,2020-08-20
2326,Тюмень,2020-08-20
2327,Новосибирск,2020-08-20
2328,Москва,2020-08-20
2329,Тюмень,2020-08-20
2330,Тюмень,2020-08-20
2331,Москва,2020-08-21
2332,Москва,2020-08-21
2333,Санкт-Петербург,2020-08-21
2334,Новосибирск,2020-08-21
2335,Тюмень,2020-08-21
2336,Москва,2020-08-21
2337,Новосибирск,2020-08-21
2338,Санкт-Петербург,2020-08-21
2339,Новосибирск,2020-08-21
2340,Тюмень,2020-08-21
2341,Санкт-Петербург,2020-08-22
2342,Санкт-Петербург,2020-08-22
2343,Москва,2020-08-22
2344,Новосибирск,2020-08-22
2345,Тюмень,2020-08-22
2346,Тюмень,2020-08-22
2347,Москва,2020-08-22
2348,Москва,2020-08-22
2349,Москва,2020-08-22
2350,Тюмень,2020-08-22
2351,Тюмень,2020-08-23
2352,Тюмень,2020-08-23
2353,Москва,2020-08-23
2354,Новосибирск,2020-08-23
2355,Тюмень,2020-08-23
2356,Новосибирск,2020-08-23
2357,Тюмень,2020-08-23
2358,Москва,2020-08-23
2359,Москва,2020-08-23
2360,Тюмень,2020-08-23
2361,Тюмень,2020-08-24
2362,Тюмень,2020-08-24
2363,Санкт-Петербург,2020-08-24
2364,Новосибирск,2020-08-24
2365,Санкт-Петербург,2020-08-24
2366,Тюмень,2020-08-24
2367,Санкт-Петербург,2020-08-24
2368,Новосибирск,2020-08-24
2369,Санкт-Петербург,2020-08-24
2370,Санкт-Петербург,2020-08-24
2371,Новосибирск,2020-08-25
2372,Москва,2020-08-25
2373,Новосибирск,2020-08-25
2374,Москва,2020-08-25
2375,Тюмень,2020-08-25
2376,Тюмень,2020-08-25
2377,Тюмень,2020-08-25
2378,Москва,2020-08-25
2379,Тюмень,2020-08-25
2380,Санкт-Петербург,2020-08-25
2381,Санкт-Петербург,2020-08-26
2382,Москва,2020-08-26
2383,Санкт-Петербург,2020-08-26
2384,Новосибирск,2020-08-26
2385,Москва,2020-08-26
2386,Тюмень,2020-08-26
2387,Тюмень,2020-08-26
2388,Москва,2020-08-26
2389,Москва,2020-08-26
2390,Тюмень,2020-08-26
2391,Тюмень,2020-08-27
2392,Новосибирск,2020-08-27
2393,Москва,2020-08-27
2394,Москва,2020-08-27
2395,Москва,2020-08-27
2396,Новосибирск,2020-08-27
2397,Москва,2020-08-27
2398,Новосибирск,2020-08-27
2399,Санкт-Петербург,2020-08-27
2400,Москва,2020-08-27
2401,Санкт-Петербург,2020-08-28
2402,Тюмень,2020-08-28
2403,Санкт-Петербург,2020-08-28
2404,Москва,2020-08-28
2405,Новосибирск,2020-08-28
2406,Москва,2020-08-28
2407,Москва,2020-08-28
2408,Тюмень,2020-08-28
2409,Санкт-Петербург,2020-08-28
2410,Тюмень,2020-08-28
2411,Санкт-Петербург,2020-08-29
2412,Тюмень,2020-08-29
2413,Санкт-Петербург,2020-08-29
2414,Москва,2020-08-29
2415,Тюмень,2020-08-29
2416,Новосибирск,2020-08-29
2417,Москва,2020-08-29
2418,Тюмень,2020-08-29
2419,Санкт-Петербург,2020-08-29
2420,Тюмень,2020-08-29
2421,Санкт-Петербург,2020-08-30
2422,Санкт-Петербург,2020-08-30
2423,Тюмень,2020-08-30
2424,Тюмень,2020-08-30
2425,Тюмень,2020-08-30
2426,Санкт-Петербург,2020-08-30
2427,Тюмень,2020-08-30
2428,Москва,2020-08-30
2429,Новосибирск,2020-08-30
2430,Москва,2020-08-30
2431,Санкт-Петербург,2020-08-31
2432,Санкт-Петербург,2020-08-31
2433,Санкт-Петербург,2020-08-31
2434,Тюмень,2020-08-31
2435,Новосибирск,2020-08-31
2436,Москва,2020-08-31
2437,Тюмень,2020-08-31
2438,Санкт-Петербург,2020-08-31
2439,Новосибирск,2020-08-31
2440,Новосибирск,2020-08-31
2441,Москва,2020-09-01
2442,Новосибирск,2020-09-01
2443,Москва,2020-09-01
2444,Санкт-Петербург,2020-09-01
2445,Новосибирск,2020-09-01
2446,Новосибирск,2020-09-01
2447,Тюмень,2020-09-01
2448,Москва,2020-09-01
2449,Тюмень,2020-09-01
2450,Санкт-Петербург,2020-09-01
2451,Тюмень,2020-09-02
2452,Тюмень,2020-09-02
2453,Тюмень,2020-09-02
2454,Москва,2020-09-02
2455,Москва,2020-09-02
2456,Тюмень,2020-09-02
2457,Санкт-Петербург,2020-09-02
2458,Санкт-Петербург,2020-09-02
2459,Тюмень,2020-09-02
2460,Новосибирск,2020-09-02
2461,Москва,2020-09-03
2462,Москва,2020-09-03
2463,Новосибирск,2020-09-03
2464,Санкт-Петербург,2020-09-03
2465,Москва,2020-09-03
2466,Новосибирск,2020-09-03
2467,Тюмень,2020-09-03
2468,Новосибирск,2020-09-03
2469,Москва,2020-09-03
2470,Москва,2020-09-03
2471,Тюмень,2020-09-04
2472,Москва,2020-09-04
2473,Москва,2020-09-04
2474,Москва,2020-09-04
2475,Тюмень,2020-09-04
2476,Новосибирск,2020-09-04
2477,Тюмень,2020-09-04
2478,Тюмень,2020-09-04
2479,Тюмень,2020-09-04
2480,Санкт-Петербург,2020-09-04
2481,Тюмень,2020-09-05
2482,Москва,2020-09-05
2483,Москва,2020-09-05
2484,Москва,2020-09-05
2485,Новосибирск,2020-09-05
2486,Санкт-Петербург,2020-09-05
2487,Москва,2020-09-05
2488,Москва,2020-09-05
2489,Москва,2020-09-05
2490,Тюмень,2020-09-05
2491,Санкт-Петербург,2020-09-06
2492,Санкт-Петербург,2020-09-06
2493,Новосибирск,2020-09-06
2494,Новосибирск,2020-09-06
2495,Москва,2020-09-06
2496,Санкт-Петербург,2020-09-06
2497,Новосибирск,2020-09-06
2498,Санкт-Петербург,2020-09-06
2499,Москва,2020-09-06
2500,Санкт-Петербург,2020-09-06
2501,Новосибирск,2020-09-07
2502,Тюмень,2020-09-07
2503,Тюмень,2020-09-07
2504,Санкт-Петербург,2020-09-07
2505,Санкт-Петербург,2020-09-07
2506,Санкт-Петербург,2020-09-07
2507,Москва,2020-09-07
2508,Тюмень,2020-09-07
2509,Москва,2020-09-07
2510,Москва,2020-09-07
2511,Москва,2020-09-08
2512,Санкт-Петербург,2020-09-08
2513,Санкт-Петербург,2020-09-08
2514,Тюмень,2020-09-08
2515,Новосибирск,2020-09-08
2516,Москва,2020-09-08
2517,Тюмень,2020-09-08
2518,Москва,2020-09-08
2519,Москва,2020-09-08
2520,Москва,2020-09-08
2521,Новосибирск,2020-09-09
2522,Тюмень,2020-09-09
2523,Новосибирск,2020-09-09
2524,Новосибирск,2020-09-09
2525,Тюмень,2020-09-09
2526,Новосибирск,2020-09-09
2527,Тюмень,2020-09-09
2528,Санкт-Петербург,2020-09-09
2529,Санкт-Петербург,2020-09-09
2530,Новосибирск,2020-09-09
2531,Москва,2020-09-10
2532,Тюмень,2020-09-10
2533,Тюмень,2020-09-10
2534,Новосибирск,2020-09-10
2535,Тюмень,2020-09-10
2536,Санкт-Петербург,2020-09-10
2537,Санкт-Петербург,2020-09-10
2538,Тюмень,2020-09-10
2539,Москва,2020-09-10
2540,Новосибирск,2020-09-10
2541,Санкт-Петербург,2020-09-11
2542,Санкт-Петербург,2020-09-11
2543,Санкт-Петербург,2020-09-11
2544,Санкт-Петербург,2020-09-11
2545,Новосибирск,2020-09-11
2546,Тюмень,2020-09-11
2547,Тюмень,2020-09-11
2548,Москва,2020-09-11
2549,Новосибирск,2020-09-11
2550,Санкт-Петербург,2020-09-11
2551,Новосибирск,2020-09-12
2552,Новосибирск,2020-09-12
2553,Москва,2020-09-12
2554,Новосибирск,2020-09-12
2555,Тюмень,2020-09-12
2556,Новосибирск,2020-09-12
2557,Тюмень,2020-09-12
2558,Санкт-Петербург,2020-09-12
2559,Москва,2020-09-12
2560,Санкт-Петербург,2020-09-12
2561,Москва,2020-09-13
2562,Санкт-Петербург,2020-09-13
2563,Санкт-Петербург,2020-09-13
2564,Москва,2020-09-13
2565,Тюмень,2020-09-13
2566,Санкт-Петербург,2020-09-13
2567,Тюмень,2020-09-13
2568,Новосибирск,2020-09-13
2569,Тюмень,2020-09-13
2570,Москва,2020-09-13
2571,Новосибирск,2020-09-14
2572,Санкт-Петербург,2020-09-14
2573,Новосибирск,2020-09-14
2574,Москва,2020-09-14
2575,Санкт-Петербург,2020-09-14
2576,Москва,2020-09-14
2577,Новосибирск,2020-09-14
2578,Москва,2020-09-14
2579,Санкт-Петербург,2020-09-14
2580,Москва,2020-09-14
2581,Новосибирск,2020-09-15
2582,Тюмень,2020-09-15
2583,Новосибирск,2020-09-15
2584,Новосибирск,2020-09-15
2585,Тюмень,2020-09-15
2586,Тюмень,2020-09-15
2587,Санкт-Петербург,2020-09-15
2588,Новосибирск,2020-09-15
2589,Москва,2020-09-15
2590,Тюмень,2020-09-15
2591,Тюмень,2020-09-16
2592,Санкт-Петербург,2020-09-16
2593,Тюмень,2020-09-16
2594,Москва,2020-09-16
2595,Новосибирск,2020-09-16
2596,Тюмень,2020-09-16
2597,Москва,2020-09-16
2598,Санкт-Петербург,2020-09-16
2599,Москва,2020-09-16
2600,Тюмень,2020-09-16
2601,Москва,2020-09-17
2602,Новосибирск,2020-09-17
2603,Москва,2020-09-17
2604,Санкт-Петербург,2020-09-17
2605,Новосибирск,2020-09-17
2606,Москва,2020-09-17
2607,Новосибирск,2020-09-17
2608,Санкт-Петербург,2020-09-17
2609,Санкт-Петербург,2020-09-17
2610,Тюмень,2020-09-17
2611,Новосибирск,2020-09-18
2612,Тюмень,2020-09-18
2613,Санкт-Петербург,2020-09-18
2614,Новосибирск,2020-09-18
2615,Москва,2020-09-18
2616,Новосибирск,2020-09-18
2617,Новосибирск,2020-09-18
2618,Тюмень,2020-09-18
2619,Москва,2020-09-18
2620,Москва,2020-09-18
2621,Москва,2020-09-19
2622,Москва,2020-09-19
2623,Новосибирск,2020-09-19
2624,Санкт-Петербург,2020-09-19
2625,Санкт-Петербург,2020-09-19
2626,Новосибирск,2020-09-19
2627,Москва,2020-09-19
2628,Новосибирск,2020-09-19
2629,Санкт-Петербург,2020-09-19
2630,Тюмень,2020-09-19
2631,Тюмень,2020-09-20
2632,Тюмень,2020-09-20
2633,Новосибирск,2020-09-20
2634,Новосибирск,2020-09-20
2635,Тюмень,2020-09-20
2636,Санкт-Петербург,2020-09-20
2637,Новосибирск,2020-09-20
2638,Санкт-Петербург,2020-09-20
2639,Новосибирск,2020-09-20
2640,Санкт-Петербург,2020-09-20
2641,Тюмень,2020-09-21
2642,Москва,2020-09-21
2643,Санкт-Петербург,2020-09-21
2644,Санкт-Петербург,2020-09-21
2645,Москва,2020-09-21
2646,Санкт-Петербург,2020-09-21
2647,Тюмень,2020-09-21
2648,Новосибирск,2020-09-21
2649,Москва,2020-09-21
2650,Тюмень,2020-09-21
2651,Тюмень,2020-09-22
2652,Тюмень,2020-09-22
2653,Тюмень,2020-09-22
2654,Санкт-Петербург,2020-09-22
2655,Санкт-Петербург,2020-09-22
2656,Санкт-Петербург,2020-09-22
2657,Санкт-Петербург,2020-09-22
2658,Москва,2020-09-22
2659,Тюмень,2020-09-22
2660,Санкт-Петербург,2020-09-22
2661,Москва,2020-09-23
2662,Тюмень,2020-09-23
2663,Новосибирск,2020-09-23
2664,Санкт-Петербург,2020-09-23
2665,Санкт-Петербург,2020-09-23
2666,Санкт-Петербург,2020-09-23
2667,Санкт-Петербург,2020-09-23
2668,Новосибирск,2020-09-23
2669,Москва,2020-09-23
2670,Новосибирск,2020-09-23
2671,Новосибирск,2020-09-24
2672,Тюмень,2020-09-24
2673,Санкт-Петербург,2020-09-24
2674,Тюмень,2020-09-24
2675,Новосибирск,2020-09-24
2676,Тюмень,2020-09-24
2677,Москва,2020-09-24
2678,Санкт-Петербург,2020-09-24
2679,Тюмень,2020-09-24
2680,Санкт-Петербург,2020-09-24
2681,Москва,2020-09-25
2682,Москва,2020-09-25
2683,Новосибирск,2020-09-25
2684,Москва,2020-09-25
2685,Санкт-Петербург,2020-09-25
2686,Москва,2020-09-25
2687,Москва,2020-09-25
2688,Москва,2020-09-25
2689,Новосибирск,2020-09-25
2690,Москва,2020-09-25
2691,Тюмень,2020-09-26
2692,Санкт-Петербург,2020-09-26
2693,Новосибирск,2020-09-26
2694,Тюмень,2020-09-26
2695,Москва,2020-09-26
2696,Тюмень,2020-09-26
2697,Санкт-Петербург,2020-09-26
2698,Тюмень,2020-09-26
2699,Москва,2020-09-26
2700,Санкт-Петербург,2020-09-26
2701,Новосибирск,2020-09-27
2702,Тюмень,2020-09-27
2703,Тюмень,2020-09-27
2704,Тюмень,2020-09-27
2705,Тюмень,2020-09-27
2706,Тюмень,2020-09-27
2707,Москва,2020-09-27
2708,Санкт-Петербург,2020-09-27
2709,Тюмень,2020-09-27
2710,Санкт-Петербург,2020-09-27
2711,Санкт-Петербург,2020-09-28
2712,Москва,2020-09-28
2713,Тюмень,2020-09-28
2714,Санкт-Петербург,2020-09-28
2715,Новосибирск,2020-09-28
2716,Тюмень,2020-09-28
2717,Новосибирск,2020-09-28
2718,Тюмень,2020-09-28
2719,Москва,2020-09-28
2720,Новосибирск,2020-09-28
2721,Санкт-Петербург,2020-09-29
2722,Новосибирск,2020-09-29
2723,Санкт-Петербург,2020-09-29
2724,Тюмень,2020-09-29
2725,Санкт-Петербург,2020-09-29
2726,Санкт-Петербург,2020-09-29
2727,Тюмень,2020-09-29
2728,Тюмень,2020-09-29
2729,Санкт-Петербург,2020-09-29
2730,Санкт-Петербург,2020-09-29
2731,Новосибирск,2020-09-30
2732,Санкт-Петербург,2020-09-30
2733,Тюмень,2020-09-30
2734,Санкт-Петербург,2020-09-30
2735,Тюмень,2020-09-30
2736,Москва,2020-09-30
2737,Новосибирск,2020-09-30
2738,Тюмень,2020-09-30
2739,Москва,2020-09-30
2740,Новосибирск,2020-09-30
2741,Тюмень,2020-10-01
2742,Тюмень,2020-10-01
2743,Тюмень,2020-10-01
2744,Москва,2020-10-01
2745,Новосибирск,2020-10-01
2746,Санкт-Петербург,2020-10-01
2747,Москва,2020-10-01
2748,Санкт-Петербург,2020-10-01
2749,Москва,2020-10-01
2750,Санкт-Петербург,2020-10-01
2751,Новосибирск,2020-10-02
2752,Новосибирск,2020-10-02
2753,Новосибирск,2020-10-02
2754,Москва,2020-10-02
2755,Новосибирск,2020-10-02
2756,Тюмень,2020-10-02
2757,Новосибирск,2020-10-02
2758,Новосибирск,2020-10-02
2759,Москва,2020-10-02
2760,Москва,2020-10-02
2761,Тюмень,2020-10-03
2762,Новосибирск,2020-10-03
2763,Санкт-Петербург,2020-10-03
2764,Санкт-Петербург,2020-10-03
2765,Москва,2020-10-03
2766,Тюмень,2020-10-03
2767,Тюмень,2020-10-03
2768,Тюмень,2020-10-03
2769,Санкт-Петербург,2020-10-03
2770,Новосибирск,2020-10-03
2771,Новосибирск,2020-10-04
2772,Тюмень,2020-10-04
2773,Новосибирск,2020-10-04
2774,Тюмень,2020-10-04
2775,Москва,2020-10-04
2776,Санкт-Петербург,2020-10-04
2777,Новосибирск,2020-10-04
2778,Москва,2020-10-04
2779,Тюмень,2020-10-04
2780,Тюмень,2020-10-04
2781,Москва,2020-10-05
2782,Санкт-Петербург,2020-10-05
2783,Тюмень,2020-10-05
2784,Санкт-Петербург,2020-10-05
2785,Новосибирск,2020-10-05
2786,Санкт-Петербург,2020-10-05
2787,Новосибирск,2020-10-05
2788,Москва,2020-10-05
2789,Тюмень,2020-10-05
2790,Тюмень,2020-10-05
2791,Тюмень,2020-10-06
2792,Москва,2020-10-06
2793,Санкт-Петербург,2020-10-06
2794,Тюмень,2020-10-06
2795,Москва,2020-10-06
2796,Москва,2020-10-06
2797,Санкт-Петербург,2020-10-06
2798,Санкт-Петербург,2020-10-06
2799,Новосибирск,2020-10-06
2800,Санкт-Петербург,2020-10-06
2801,Новосибирск,2020-10-07
2802,Новосибирск,2020-10-07
2803,Тюмень,2020-10-07
2804,Новосибирск,2020-10-07
2805,Новосибирск,2020-10-07
2806,Тюмень,2020-10-07
2807,Новосибирск,2020-10-07
2808,Тюмень,2020-10-07
2809,Тюмень,2020-10-07
2810,Москва,2020-10-07
2811,Санкт-Петербург,2020-10-08
2812,Новосибирск,2020-10-08
2813,Новосибирск,2020-10-08
2814,Новосибирск,2020-10-08
2815,Новосибирск,2020-10-08
2816,Новосибирск,2020-10-08
2817,Тюмень,2020-10-08
2818,Тюмень,2020-10-08
2819,Москва,2020-10-08
2820,Москва,2020-10-08
2821,Новосибирск,2020-10-09
2822,Москва,2020-10-09
2823,Санкт-Петербург,2020-10-09
2824,Москва,2020-10-09
2825,Москва,2020-10-09
2826,Новосибирск,2020-10-09
2827,Тюмень,2020-10-09
2828,Новосибирск,2020-10-09
2829,Москва,2020-10-09
2830,Тюмень,2020-10-09
2831,Тюмень,2020-10-10
2832,Санкт-Петербург,2020-10-10
2833,Москва,2020-10-10
2834,Тюмень,2020-10-10
2835,Тюмень,2020-10-10
2836,Москва,2020-10-10
2837,Тюмень,2020-10-10
2838,Москва,2020-10-10
2839,Новосибирск,2020-10-10
2840,Новосибирск,2020-10-10
2841,Санкт-Петербург,2020-10-11
2842,Санкт-Петербург,2020-10-11
2843,Москва,2020-10-11
2844,Санкт-Петербург,2020-10-11
2845,Санкт-Петербург,2020-10-11
2846,Москва,2020-10-11
2847,Новосибирск,2020-10-11
2848,Тюмень,2020-10-11
2849,Москва,2020-10-11
2850,Новосибирск,2020-10-11
2851,Тюмень,2020-10-12
2852,Тюмень,2020-10-12
2853,Тюмень,2020-10-12
2854,Новосибирск,2020-10-12
2855,Москва,2020-10-12
2856,Новосибирск,2020-10-12
2857,Москва,2020-10-12
2858,Тюмень,2020-10-12
2859,Москва,2020-10-12
2860,Санкт-Петербург,2020-10-12
2861,Москва,2020-10-13
2862,Тюмень,2020-10-13
2863,Тюмень,2020-10-13
2864,Тюмень,2020-10-13
2865,Новосибирск,2020-10-13
2866,Новосибирск,2020-10-13
2867,Новосибирск,2020-10-13
2868,Санкт-Петербург,2020-10-13
2869,Новосибирск,2020-10-13
2870,Тюмень,2020-10-13
2871,Москва,2020-10-14
2872,Новосибирск,2020-10-14
2873,Санкт-Петербург,2020-10-14
2874,Москва,2020-10-14
2875,Тюмень,2020-10-14
2876,Тюмень,2020-10-14
2877,Москва,2020-10-14
2878,Тюмень,2020-10-14
2879,Санкт-Петербург,2020-10-14
2880,Санкт-Петербург,2020-10-14
2881,Новосибирск,2020-10-15
2882,Новосибирск,2020-10-15
2883,Санкт-Петербург,2020-10-15
2884,Тюмень,2020-10-15
2885,Тюмень,2020-10-15
2886,Новосибирск,2020-10-15
2887,Новосибирск,2020-10-15
2888,Новосибирск,2020-10-15
2889,Санкт-Петербург,2020-10-15
2890,Санкт-Петербург,2020-10-15
2891,Москва,2020-10-16
2892,Москва,2020-10-16
2893,Санкт-Петербург,2020-10-16
2894,Санкт-Петербург,2020-10-16
2895,Новосибирск,2020-10-16
2896,Москва,2020-10-16
2897,Тюмень,2020-10-16
2898,Новосибирск,2020-10-16
2899,Москва,2020-10-16
2900,Санкт-Петербург,2020-10-16
2901,Москва,2020-10-17
2902,Тюмень,2020-10-17
2903,Новосибирск,2020-10-17
2904,Новосибирск,2020-10-17
2905,Москва,2020-10-17
2906,Новосибирск,2020-10-17
2907,Москва,2020-10-17
2908,Тюмень,2020-10-17
2909,Тюмень,2020-10-17
2910,Тюмень,2020-10-17
2911,Санкт-Петербург,2020-10-18
2912,Санкт-Петербург,2020-10-18
2913,Тюмень,2020-10-18
2914,Москва,2020-10-18
2915,Новосибирск,2020-10-18
2916,Санкт-Петербург,2020-10-18
2917,Санкт-Петербург,2020-10-18
2918,Москва,2020-10-18
2919,Москва,2020-10-18
2920,Тюмень,2020-10-18
2921,Новосибирск,2020-10-19
2922,Москва,2020-10-19
2923,Москва,2020-10-19
2924,Санкт-Петербург,2020-10-19
2925,Москва,2020-10-19
2926,Новосибирск,2020-10-19
2927,Санкт-Петербург,2020-10-19
2928,Москва,2020-10-19
2929,Новосибирск,2020-10-19
2930,Москва,2020-10-19
2931,Москва,2020-10-20
2932,Тюмень,2020-10-20
2933,Санкт-Петербург,2020-10-20
2934,Санкт-Петербург,2020-10-20
2935,Санкт-Петербург,2020-10-20
2936,Санкт-Петербург,2020-10-20
2937,Новосибирск,2020-10-20
2938,Москва,2020-10-20
2939,Новосибирск,2020-10-20
2940,Москва,2020-10-20
2941,Тюмень,2020-10-21
2942,Санкт-Петербург,2020-10-21
2943,Новосибирск,2020-10-21
2944,Новосибирск,2020-10-21
2945,Новосибирск,2020-10-21
2946,Москва,2020-10-21
2947,Москва,2020-10-21
2948,Москва,2020-10-21
2949,Санкт-Петербург,2020-10-21
2950,Санкт-Петербург,2020-10-21
2951,Тюмень,2020-10-22
2952,Тюмень,2020-10-22
2953,Москва,2020-10-22
2954,Тюмень,2020-10-22
2955,Новосибирск,2020-10-22
2956,Москва,2020-10-22
2957,Тюмень,2020-10-22
2958,Новосибирск,2020-10-22
2959,Тюмень,2020-10-22
2960,Москва,2020-10-22
2961,Москва,2020-10-23
2962,Санкт-Петербург,2020-10-23
2963,Тюмень,2020-10-23
2964,Новосибирск,2020-10-23
2965,Санкт-Петербург,2020-10-23
2966,Новосибирск,2020-10-23
2967,Тюмень,2020-10-23
2968,Тюмень,2020-10-23
2969,Санкт-Петербург,2020-10-23
2970,Москва,2020-10-23
2971,Москва,2020-10-24
2972,Санкт-Петербург,2020-10-24
2973,Тюмень,2020-10-24
2974,Тюмень,2020-10-24
2975,Новосибирск,2020-10-24
2976,Тюмень,2020-10-24
2977,Новосибирск,2020-10-24
2978,Новосибирск,2020-10-24
2979,Москва,2020-10-24
2980,Москва,2020-10-24
2981,Тюмень,2020-10-25
2982,Москва,2020-10-25
2983,Москва,2020-10-25
2984,Новосибирск,2020-10-25
2985,Новосибирск,2020-10-25
2986,Новосибирск,2020-10-25
2987,Москва,2020-10-25
2988,Новосибирск,2020-10-25
2989,Москва,2020-10-25
2990,Москва,2020-10-25
2991,Санкт-Петербург,2020-10-26
2992,Тюмень,2020-10-26
2993,Новосибирск,2020-10-26
2994,Новосибирск,2020-10-26
2995,Новосибирск,2020-10-26
2996,Москва,2020-10-26
2997,Тюмень,2020-10-26
2998,Новосибирск,2020-10-26
2999,Тюмень,2020-10-26
3000,Санкт-Петербург,2020-10-26
3001,Санкт-Петербург,2020-10-27
3002,Тюмень,2020-10-27
3003,Москва,2020-10-27
3004,Москва,2020-10-27
3005,Тюмень,2020-10-27
3006,Санкт-Петербург,2020-10-27
3007,Москва,2020-10-27
3008,Тюмень,2020-10-27
3009,Новосибирск,2020-10-27
3010,Новосибирск,2020-10-27
3011,Санкт-Петербург,2020-10-28
3012,Тюмень,2020-10-28
3013,Москва,2020-10-28
3014,Тюмень,2020-10-28
3015,Санкт-Петербург,2020-10-28
3016,Санкт-Петербург,2020-10-28
3017,Тюмень,2020-10-28
3018,Новосибирск,2020-10-28
3019,Тюмень,2020-10-28
3020,Санкт-Петербург,2020-10-28
3021,Москва,2020-10-29
3022,Москва,2020-10-29
3023,Санкт-Петербург,2020-10-29
3024,Тюмень,2020-10-29
3025,Тюмень,2020-10-29
3026,Тюмень,2020-10-29
3027,Новосибирск,2020-10-29
3028,Москва,2020-10-29
3029,Тюмень,2020-10-29
3030,Новосибирск,2020-10-29
3031,Санкт-Петербург,2020-10-30
3032,Санкт-Петербург,2020-10-30
3033,Новосибирск,2020-10-30
3034,Новосибирск,2020-10-30
3035,Тюмень,2020-10-30
3036,Новосибирск,2020-10-30
3037,Новосибирск,2020-10-30
3038,Новосибирск,2020-10-30
3039,Санкт-Петербург,2020-10-30
3040,Новосибирск,2020-10-30
3041,Санкт-Петербург,2020-10-31
3042,Москва,2020-10-31
3043,Новосибирск,2020-10-31
3044,Новосибирск,2020-10-31
3045,Тюмень,2020-10-31
3046,Новосибирск,2020-10-31
3047,Москва,2020-10-31
3048,Москва,2020-10-31
3049,Санкт-Петербург,2020-10-31
3050,Тюмень,2020-10-31
3051,Новосибирск,2020-11-01
3052,Москва,2020-11-01
3053,Санкт-Петербург,2020-11-01
3054,Тюмень,2020-11-01
3055,Санкт-Петербург,2020-11-01
3056,Санкт-Петербург,2020-11-01
3057,Москва,2020-11-01
3058,Новосибирск,2020-11-01
3059,Новосибирск,2020-11-01
3060,Санкт-Петербург,2020-11-01
3061,Москва,2020-11-02
3062,Москва,2020-11-02
3063,Новосибирск,2020-11-02
3064,Тюмень,2020-11-02
3065,Новосибирск,2020-11-02
3066,Тюмень,2020-11-02
3067,Санкт-Петербург,2020-11-02
3068,Тюмень,2020-11-02
3069,Санкт-Петербург,2020-11-02
3070,Тюмень,2020-11-02
3071,Новосибирск,2020-11-03
3072,Москва,2020-11-03
3073,Тюмень,2020-11-03
3074,Москва,2020-11-03
3075,Новосибирск,2020-11-03
3076,Тюмень,2020-11-03
3077,Санкт-Петербург,2020-11-03
3078,Санкт-Петербург,2020-11-03
3079,Тюмень,2020-11-03
3080,Санкт-Петербург,2020-11-03
3081,Санкт-Петербург,2020-11-04
3082,Новосибирск,2020-11-04
3083,Новосибирск,2020-11-04
3084,Москва,2020-11-04
3085,Тюмень,2020-11-04
3086,Санкт-Петербург,2020-11-04
3087,Тюмень,2020-11-04
3088,Новосибирск,2020-11-04
3089,Москва,2020-11-04
3090,Санкт-Петербург,2020-11-04
3091,Москва,2020-11-05
3092,Новосибирск,2020-11-05
3093,Новосибирск,2020-11-05
3094,Тюмень,2020-11-05
3095,Москва,2020-11-05
3096,Москва,2020-11-05
3097,Новосибирск,2020-11-05
3098,Тюмень,2020-11-05
3099,Новосибирск,2020-11-05
3100,Москва,2020-11-05
3101,Новосибирск,2020-11-06
3102,Новосибирск,2020-11-06
3103,Санкт-Петербург,2020-11-06
3104,Новосибирск,2020-11-06
3105,Санкт-Петербург,2020-11-06
3106,Санкт-Петербург,2020-11-06
3107,Новосибирск,2020-11-06
3108,Тюмень,2020-11-06
3109,Тюмень,2020-11-06
3110,Новосибирск,2020-11-06
3111,Санкт-Петербург,2020-11-07
3112,Москва,2020-11-07
3113,Тюмень,2020-11-07
3114,Тюмень,2020-11-07
3115,Тюмень,2020-11-07
3116,Санкт-Петербург,2020-11-07
3117,Санкт-Петербург,2020-11-07
3118,Тюмень,2020-11-07
3119,Тюмень,2020-11-07
3120,Новосибирск,2020-11-07
3121,Тюмень,2020-11-08
3122,Новосибирск,2020-11-08
3123,Тюмень,2020-11-08
3124,Тюмень,2020-11-08
3125,Санкт-Петербург,2020-11-08
3126,Москва,2020-11-08
3127,Новосибирск,2020-11-08
3128,Новосибирск,2020-11-08
3129,Тюмень,2020-11-08
3130,Тюмень,2020-11-08
3131,Новосибирск,2020-11-09
3132,Тюмень,2020-11-09
3133,Москва,2020-11-09
3134,Тюмень,2020-11-09
3135,Тюмень,2020-11-09
3136,Тюмень,2020-11-09
3137,Санкт-Петербург,2020-11-09
3138,Санкт-Петербург,2020-11-09
3139,Москва,2020-11-09
3140,Москва,2020-11-09
3141,Тюмень,2020-11-10
3142,Москва,2020-11-10
3143,Новосибирск,2020-11-10
3144,Тюмень,2020-11-10
3145,Тюмень,2020-11-10
3146,Москва,2020-11-10
3147,Тюмень,2020-11-10
3148,Новосибирск,2020-11-10
3149,Тюмень,2020-11-10
3150,Москва,2020-11-10
3151,Санкт-Петербург,2020-11-11
3152,Новосибирск,2020-11-11
3153,Санкт-Петербург,2020-11-11
3154,Москва,2020-11-11
3155,Новосибирск,2020-11-11
3156,Новосибирск,2020-11-11
3157,Новосибирск,2020-11-11
3158,Москва,2020-11-11
3159,Тюмень,2020-11-11
3160,Тюмень,2020-11-11
3161,Санкт-Петербург,2020-11-12
3162,Новосибирск,2020-11-12
3163,Тюмень,2020-11-12
3164,Санкт-Петербург,2020-11-12
3165,Москва,2020-11-12
3166,Москва,2020-11-12
3167,Санкт-Петербург,2020-11-12
3168,Москва,2020-11-12
3169,Новосибирск,2020-11-12
3170,Тюмень,2020-11-12
3171,Тюмень,2020-11-13
3172,Тюмень,2020-11-13
3173,Санкт-Петербург,2020-11-13
3174,Тюмень,2020-11-13
3175,Санкт-Петербург,2020-11-13
3176,Москва,2020-11-13
3177,Санкт-Петербург,2020-11-13
3178,Москва,2020-11-13
3179,Москва,2020-11-13
3180,Новосибирск,2020-11-13
3181,Москва,2020-11-14
3182,Санкт-Петербург,2020-11-14
3183,Санкт-Петербург,2020-11-14
3184,Москва,2020-11-14
3185,Москва,2020-11-14
3186,Санкт-Петербург,2020-11-14
3187,Новосибирск,2020-11-14
3188,Москва,2020-11-14
3189,Тюмень,2020-11-14
3190,Москва,2020-11-14
3191,Санкт-Петербург,2020-11-15
3192,Москва,2020-11-15
3193,Москва,2020-11-15
3194,Москва,2020-11-15
3195,Санкт-Петербург,2020-11-15
3196,Санкт-Петербург,2020-11-15
3197,Москва,2020-11-15
3198,Москва,2020-11-15
3199,Новосибирск,2020-11-15
3200,Санкт-Петербург,2020-11-15
3201,Санкт-Петербург,2020-11-16
3202,Санкт-Петербург,2020-11-16
3203,Санкт-Петербург,2020-11-16
3204,Санкт-Петербург,2020-11-16
3205,Новосибирск,2020-11-16
3206,Новосибирск,2020-11-16
3207,Санкт-Петербург,2020-11-16
3208,Тюмень,2020-11-16
3209,Санкт-Петербург,2020-11-16
3210,Новосибирск,2020-11-16
3211,Санкт-Петербург,2020-11-17
3212,Санкт-Петербург,2020-11-17
3213,Санкт-Петербург,2020-11-17
3214,Санкт-Петербург,2020-11-17
3215,Москва,2020-11-17
3216,Новосибирск,2020-11-17
3217,Новосибирск,2020-11-17
3218,Санкт-Петербург,2020-11-17
3219,Новосибирск,2020-11-17
3220,Новосибирск,2020-11-17
3221,Санкт-Петербург,2020-11-18
3222,Москва,2020-11-18
3223,Санкт-Петербург,2020-11-18
3224,Тюмень,2020-11-18
3225,Новосибирск,2020-11-18
3226,Москва,2020-11-18
3227,Новосибирск,2020-11-18
3228,Москва,2020-11-18
3229,Санкт-Петербург,2020-11-18
3230,Санкт-Петербург,2020-11-18
3231,Москва,2020-11-19
3232,Москва,2020-11-19
3233,Новосибирск,2020-11-19
3234,Тюмень,2020-11-19
3235,Тюмень,2020-11-19
3236,Санкт-Петербург,2020-11-19
3237,Москва,2020-11-19
3238,Москва,2020-11-19
3239,Москва,2020-11-19
3240,Новосибирск,2020-11-19
3241,Новосибирск,2020-11-20
3242,Санкт-Петербург,2020-11-20
3243,Новосибирск,2020-11-20
3244,Санкт-Петербург,2020-11-20
3245,Тюмень,2020-11-20
3246,Новосибирск,2020-11-20
3247,Москва,2020-11-20
3248,Новосибирск,2020-11-20
3249,Санкт-Петербург,2020-11-20
3250,Новосибирск,2020-11-20
3251,Тюмень,2020-11-21
3252,Тюмень,2020-11-21
3253,Тюмень,2020-11-21
3254,Тюмень,2020-11-21
3255,Санкт-Петербург,2020-11-21
3256,Санкт-Петербург,2020-11-21
3257,Новосибирск,2020-11-21
3258,Новосибирск,2020-11-21
3259,Новосибирск,2020-11-21
3260,Тюмень,2020-11-21
3261,Санкт-Петербург,2020-11-22
3262,Новосибирск,2020-11-22
3263,Санкт-Петербург,2020-11-22
3264,Новосибирск,2020-11-22
3265,Новосибирск,2020-11-22
3266,Тюмень,2020-11-22
3267,Новосибирск,2020-11-22
3268,Москва,2020-11-22
3269,Новосибирск,2020-11-22
3270,Новосибирск,2020-11-22
3271,Тюмень,2020-11-23
3272,Москва,2020-11-23
3273,Москва,2020-11-23
3274,Санкт-Петербург,2020-11-23
3275,Москва,2020-11-23
3276,Новосибирск,2020-11-23
3277,Москва,2020-11-23
3278,Тюмень,2020-11-23
3279,Москва,2020-11-23
3280,Новосибирск,2020-11-23
3281,Санкт-Петербург,2020-11-24
3282,Новосибирск,2020-11-24
3283,Тюмень,2020-11-24
3284,Москва,2020-11-24
3285,Новосибирск,2020-11-24
3286,Новосибирск,2020-11-24
3287,Новосибирск,2020-11-24
3288,Санкт-Петербург,2020-11-24
3289,Санкт-Петербург,2020-11-24
3290,Санкт-Петербург,2020-11-24
3291,Санкт-Петербург,2020-11-25
3292,Новосибирск,2020-11-25
3293,Санкт-Петербург,2020-11-25
3294,Тюмень,2020-11-25
3295,Тюмень,2020-11-25
3296,Москва,2020-11-25
3297,Новосибирск,2020-11-25
3298,Новосибирск,2020-11-25
3299,Санкт-Петербург,2020-11-25
3300,Москва,2020-11-25
3301,Санкт-Петербург,2020-11-26
3302,Санкт-Петербург,2020-11-26
3303,Тюмень,2020-11-26
3304,Санкт-Петербург,2020-11-26
3305,Тюмень,2020-11-26
3306,Москва,2020-11-26
3307,Новосибирск,2020-11-26
3308,Новосибирск,2020-11-26
3309,Москва,2020-11-26
3310,Москва,2020-11-26
3311,Новосибирск,2020-11-27
3312,Москва,2020-11-27
3313,Тюмень,2020-11-27
3314,Новосибирск,2020-11-27
3315,Санкт-Петербург,2020-11-27
3316,Санкт-Петербург,2020-11-27
3317,Санкт-Петербург,2020-11-27
3318,Новосибирск,2020-11-27
3319,Москва,2020-11-27
3320,Тюмень,2020-11-27
3321,Санкт-Петербург,2020-11-28
3322,Тюмень,2020-11-28
3323,Санкт-Петербург,2020-11-28
3324,Тюмень,2020-11-28
3325,Тюмень,2020-11-28
3326,Москва,2020-11-28
3327,Тюмень,2020-11-28
3328,Санкт-Петербург,2020-11-28
3329,Москва,2020-11-28
3330,Санкт-Петербург,2020-11-28
3331,Москва,2020-11-29
3332,Тюмень,2020-11-29
3333,Новосибирск,2020-11-29
3334,Новосибирск,2020-11-29
3335,Санкт-Петербург,2020-11-29
3336,Москва,2020-11-29
3337,Новосибирск,2020-11-29
3338,Санкт-Петербург,2020-11-29
3339,Санкт-Петербург,2020-11-29
3340,Москва,2020-11-29
3341,Новосибирск,2020-11-30
3342,Санкт-Петербург,2020-11-30
3343,Москва,2020-11-30
3344,Москва,2020-11-30
3345,Москва,2020-11-30
3346,Москва,2020-11-30
3347,Тюмень,2020-11-30
3348,Тюмень,2020-11-30
3349,Москва,2020-11-30
3350,Санкт-Петербург,2020-11-30
3351,Новосибирск,2020-12-01
3352,Новосибирск,2020-12-01
3353,Тюмень,2020-12-01
3354,Новосибирск,2020-12-01
3355,Тюмень,2020-12-01
3356,Новосибирск,2020-12-01
3357,Новосибирск,2020-12-01
3358,Тюмень,2020-12-01
3359,Санкт-Петербург,2020-12-01
3360,Тюмень,2020-12-01
3361,Новосибирск,2020-12-02
3362,Москва,2020-12-02
3363,Новосибирск,2020-12-02
3364,Москва,2020-12-02
3365,Санкт-Петербург,2020-12-02
3366,Новосибирск,2020-12-02
3367,Санкт-Петербург,2020-12-02
3368,Санкт-Петербург,2020-12-02
3369,Санкт-Петербург,2020-12-02
3370,Москва,2020-12-02
3371,Новосибирск,2020-12-03
3372,Новосибирск,2020-12-03
3373,Москва,2020-12-03
3374,Новосибирск,2020-12-03
3375,Санкт-Петербург,2020-12-03
3376,Санкт-Петербург,2020-12-03
3377,Москва,2020-12-03
3378,Тюмень,2020-12-03
3379,Тюмень,2020-12-03
3380,Новосибирск,2020-12-03
3381,Москва,2020-12-04
3382,Новосибирск,2020-12-04
3383,Москва,2020-12-04
3384,Москва,2020-12-04
3385,Санкт-Петербург,2020-12-04
3386,Москва,2020-12-04
3387,Тюмень,2020-12-04
3388,Санкт-Петербург,2020-12-04
3389,Новосибирск,2020-12-04
3390,Москва,2020-12-04
3391,Санкт-Петербург,2020-12-05
3392,Санкт-Петербург,2020-12-05
3393,Москва,2020-12-05
3394,Санкт-Петербург,2020-12-05
3395,Санкт-Петербург,2020-12-05
3396,Тюмень,2020-12-05
3397,Тюмень,2020-12-05
3398,Москва,2020-12-05
3399,Санкт-Петербург,2020-12-05
3400,Москва,2020-12-05
3401,Тюмень,2020-12-06
3402,Тюмень,2020-12-06
3403,Санкт-Петербург,2020-12-06
3404,Санкт-Петербург,2020-12-06
3405,Новосибирск,2020-12-06
3406,Москва,2020-12-06
3407,Санкт-Петербург,2020-12-06
3408,Санкт-Петербург,2020-12-06
3409,Москва,2020-12-06
3410,Тюмень,2020-12-06
3411,Тюмень,2020-12-07
3412,Москва,2020-12-07
3413,Тюмень,2020-12-07
3414,Москва,2020-12-07
3415,Москва,2020-12-07
3416,Тюмень,2020-12-07
3417,Тюмень,2020-12-07
3418,Новосибирск,2020-12-07
3419,Санкт-Петербург,2020-12-07
3420,Санкт-Петербург,2020-12-07
3421,Тюмень,2020-12-08
3422,Санкт-Петербург,2020-12-08
3423,Москва,2020-12-08
3424,Тюмень,2020-12-08
3425,Москва,2020-12-08
3426,Тюмень,2020-12-08
3427,Тюмень,2020-12-08
3428,Тюмень,2020-12-08
3429,Москва,2020-12-08
3430,Тюмень,2020-12-08
3431,Новосибирск,2020-12-09
3432,Санкт-Петербург,2020-12-09
3433,Санкт-Петербург,2020-12-09
3434,Москва,2020-12-09
3435,Новосибирск,2020-12-09
3436,Тюмень,2020-12-09
3437,Новосибирск,2020-12-09
3438,Санкт-Петербург,2020-12-09
3439,Новосибирск,2020-12-09
3440,Тюмень,2020-12-09
3441,Тюмень,2020-12-10
3442,Санкт-Петербург,2020-12-10
3443,Тюмень,2020-12-10
3444,Тюмень,2020-12-10
3445,Москва,2020-12-10
3446,Санкт-Петербург,2020-12-10
3447,Санкт-Петербург,2020-12-10
3448,Санкт-Петербург,2020-12-10
3449,Санкт-Петербург,2020-12-10
3450,Тюмень,2020-12-10
3451,Москва,2020-12-11
3452,Новосибирск,2020-12-11
3453,Новосибирск,2020-12-11
3454,Тюмень,2020-12-11
3455,Новосибирск,2020-12-11
3456,Москва,2020-12-11
3457,Санкт-Петербург,2020-12-11
3458,Санкт-Петербург,2020-12-11
3459,Тюмень,2020-12-11
3460,Тюмень,2020-12-11
3461,Москва,2020-12-12
3462,Новосибирск,2020-12-12
3463,Санкт-Петербург,2020-12-12
3464,Новосибирск,2020-12-12
3465,Тюмень,2020-12-12
3466,Москва,2020-12-12
3467,Тюмень,2020-12-12
3468,Москва,2020-12-12
3469,Москва,2020-12-12
3470,Санкт-Петербург,2020-12-12
3471,Тюмень,2020-12-13
3472,Москва,2020-12-13
3473,Новосибирск,2020-12-13
3474,Тюмень,2020-12-13
3475,Москва,2020-12-13
3476,Москва,2020-12-13
3477,Москва,2020-12-13
3478,Новосибирск,2020-12-13
3479,Москва,2020-12-13
3480,Новосибирск,2020-12-13
3481,Санкт-Петербург,2020-12-14
3482,Тюмень,2020-12-14
3483,Тюмень,2020-12-14
3484,Новосибирск,2020-12-14
3485,Санкт-Петербург,2020-12-14
3486,Москва,2020-12-14
3487,Санкт-Петербург,2020-12-14
3488,Москва,2020-12-14
3489,Тюмень,2020-12-14
3490,Новосибирск,2020-12-14
3491,Санкт-Петербург,2020-12-15
3492,Москва,2020-12-15
3493,Тюмень,2020-12-15
3494,Москва,2020-12-15
3495,Новосибирск,2020-12-15
3496,Тюмень,2020-12-15
3497,Москва,2020-12-15
3498,Санкт-Петербург,2020-12-15
3499,Тюмень,2020-12-15
3500,Санкт-Петербург,2020-12-15
3501,Москва,2020-12-16
3502,Тюмень,2020-12-16
3503,Москва,2020-12-16
3504,Новосибирск,2020-12-16
3505,Москва,2020-12-16
3506,Санкт-Петербург,2020-12-16
3507,Тюмень,2020-12-16
3508,Тюмень,2020-12-16
3509,Санкт-Петербург,2020-12-16
3510,Новосибирск,2020-12-16
3511,Новосибирск,2020-12-17
3512,Новосибирск,2020-12-17
3513,Москва,2020-12-17
3514,Новосибирск,2020-12-17
3515,Санкт-Петербург,2020-12-17
3516,Санкт-Петербург,2020-12-17
3517,Москва,2020-12-17
3518,Новосибирск,2020-12-17
3519,Москва,2020-12-17
3520,Санкт-Петербург,2020-12-17
3521,Тюмень,2020-12-18
3522,Санкт-Петербург,2020-12-18
3523,Москва,2020-12-18
3524,Санкт-Петербург,2020-12-18
3525,Тюмень,2020-12-18
3526,Санкт-Петербург,2020-12-18
3527,Тюмень,2020-12-18
3528,Новосибирск,2020-12-18
3529,Санкт-Петербург,2020-12-18
3530,Санкт-Петербург,2020-12-18
3531,Санкт-Петербург,2020-12-19
3532,Санкт-Петербург,2020-12-19
3533,Москва,2020-12-19
3534,Новосибирск,2020-12-19
3535,Новосибирск,2020-12-19
3536,Тюмень,2020-12-19
3537,Санкт-Петербург,2020-12-19
3538,Санкт-Петербург,2020-12-19
3539,Санкт-Петербург,2020-12-19
3540,Новосибирск,2020-12-19
3541,Тюмень,2020-12-20
3542,Тюмень,2020-12-20
3543,Тюмень,2020-12-20
3544,Новосибирск,2020-12-20
3545,Санкт-Петербург,2020-12-20
3546,Москва,2020-12-20
3547,Москва,2020-12-20
3548,Новосибирск,2020-12-20
3549,Новосибирск,2020-12-20
3550,Тюмень,2020-12-20
3551,Новосибирск,2020-12-21
3552,Новосибирск,2020-12-21
3553,Тюмень,2020-12-21
3554,Санкт-Петербург,2020-12-21
3555,Новосибирск,2020-12-21
3556,Новосибирск,2020-12-21
3557,Новосибирск,2020-12-21
3558,Тюмень,2020-12-21
3559,Санкт-Петербург,2020-12-21
3560,Новосибирск,2020-12-21
3561,Москва,2020-12-22
3562,Санкт-Петербург,2020-12-22
3563,Новосибирск,2020-12-22
3564,Санкт-Петербург,2020-12-22
3565,Москва,2020-12-22
3566,Новосибирск,2020-12-22
3567,Санкт-Петербург,2020-12-22
3568,Тюмень,2020-12-22
3569,Санкт-Петербург,2020-12-22
3570,Москва,2020-12-22
3571,Новосибирск,2020-12-23
3572,Санкт-Петербург,2020-12-23
3573,Новосибирск,2020-12-23
3574,Тюмень,2020-12-23
3575,Санкт-Петербург,2020-12-23
3576,Санкт-Петербург,2020-12-23
3577,Тюмень,2020-12-23
3578,Новосибирск,2020-12-23
3579,Санкт-Петербург,2020-12-23
3580,Новосибирск,2020-12-23
3581,Москва,2020-12-24
3582,Новосибирск,2020-12-24
3583,Новосибирск,2020-12-24
3584,Новосибирск,2020-12-24
3585,Тюмень,2020-12-24
3586,Москва,2020-12-24
3587,Москва,2020-12-24
3588,Москва,2020-12-24
3589,Санкт-Петербург,2020-12-24
3590,Москва,2020-12-24
3591,Тюмень,2020-12-25
3592,Тюмень,2020-12-25
3593,Москва,2020-12-25
3594,Тюмень,2020-12-25
3595,Тюмень,2020-12-25
3596,Новосибирск,2020-12-25
3597,Санкт-Петербург,2020-12-25
3598,Тюмень,2020-12-25
3599,Тюмень,2020-12-25
3600,Москва,2020-12-25
3601,Москва,2020-12-26
3602,Москва,2020-12-26
3603,Новосибирск,2020-12-26
3604,Санкт-Петербург,2020-12-26
3605,Санкт-Петербург,2020-12-26
3606,Тюмень,2020-12-26
3607,Тюмень,2020-12-26
3608,Санкт-Петербург,2020-12-26
3609,Санкт-Петербург,2020-12-26
3610,Москва,2020-12-26
3611,Санкт-Петербург,2020-12-27
3612,Москва,2020-12-27
3613,Новосибирск,2020-12-27
3614,Тюмень,2020-12-27
3615,Москва,2020-12-27
3616,Новосибирск,2020-12-27
3617,Москва,2020-12-27
3618,Москва,2020-12-27
3619,Новосибирск,2020-12-27
3620,Тюмень,2020-12-27
3621,Тюмень,2020-12-28
3622,Санкт-Петербург,2020-12-28
3623,Москва,2020-12-28
3624,Новосибирск,2020-12-28
3625,Москва,2020-12-28
3626,Новосибирск,2020-12-28
3627,Санкт-Петербург,2020-12-28
3628,Новосибирск,2020-12-28
3629,Санкт-Петербург,2020-12-28
3630,Тюмень,2020-12-28
3631,Москва,2020-12-29
3632,Москва,2020-12-29
3633,Москва,2020-12-29
3634,Москва,2020-12-29
3635,Новосибирск,2020-12-29
3636,Тюмень,2020-12-29
3637,Санкт-Петербург,2020-12-29
3638,Тюмень,2020-12-29
3639,Новосибирск,2020-12-29
3640,Тюмень,2020-12-29
3641,Тюмень,2020-12-30
3642,Санкт-Петербург,2020-12-30
3643,Новосибирск,2020-12-30
3644,Санкт-Петербург,2020-12-30
3645,Новосибирск,2020-12-30
3646,Новосибирск,2020-12-30
3647,Москва,2020-12-30
3648,Новосибирск,2020-12-30
3649,Тюмень,2020-12-30
3650,Санкт-Петербург,2020-12-30
